Date,Sleep score,Resting heart rate,Body Battery,Breaths per minute (during sleep),HRV-status,DeepSleep,REM sleep (mins),Restless moments,Duration (mins),Steps,Calories,Weight (in kilograms),Max HR,Run (kms),Ride (kms),Minutes intense exercise,AvgTemp_C,MinTemp_C,MaxTemp_C,Humidity_Max,Humidity_Avg,Humidity_Min,WindSpeed_Max,WindSpeed_Avg,WindSpeed_Min,Pressure_Max,Pressure_Avg,Pressure_Min,Precipitation_mm,DayOfWeek,IsWeekend,Sleep_Efficiency,REM_Sleep_Ratio,Sleep_Quality_Score,HR_Recovery_Score,Temp_Comfort_Index,Humidity_Comfort_Index,Weather_Stability,Sleep_Battery_Interaction,HRV_HR_Ratio,Breathing_Sleep_Quality,MinutesAfterSunset,BedtimeCategory_Early,BedtimeCategory_Late,BedtimeCategory_On Time,Sleep_Duration_Category_Long,Sleep_Duration_Category_Normal,Sleep_Duration_Category_Short,Sleep_Duration_Category_Very_Long,BedTimeSin,BedTimeCos,WakeTimeSin,WakeTimeCos,SunsetSin,SunsetCos,SunriseSin,SunriseCos
2025-01-01,73,58,44.0,12,29,48,48,46,466,9295,2627,76.3,119,0.0,0.0,30,8.0,6.0,9.0,93.0,85.0,76.0,61.0,42.3,17.0,1015.5,1008.2,1002.5,21.0,2,0,0.2060085836909871,0.1030042918454935,54.10000000000001,42,38.33333333333334,30.666666666666657,84.72474768348053,23.80400000000001,0.5,4.508333333333334,622,False,True,False,False,True,False,False,0.7040147244559684,0.7101853756232854,0.24615329302899322,-0.9692309097067543,-0.9351352096860117,-0.3542910379977157,0.7372773368101241,-0.6755902076156602
2025-01-02,83,56,44.0,12,30,86,77,46,518,11470,3070,76.3,168,1.01,0.0,19,3.6,1.0,6.0,93.0,84.3,76.0,22.0,11.5,2.0,1017.5,1013.3,1007.5,3.2,3,0,0.3146718146718146,0.1486486486486486,58.400000000000006,44,17.666666666666657,31.13333333333333,74.99333422198526,25.696000000000005,0.5357142857142857,4.866666666666667,337,False,False,True,True,False,False,False,-0.438371146789077,0.8987940462991671,0.964787323828813,-0.2630312144579746,-0.938191335922484,-0.34611705707749335,0.7372773368101241,-0.6755902076156602
2025-01-03,67,57,44.0,12,31,20,46,46,471,12183,2905,76.3,123,0.0,0.0,15,2.9,1.0,5.0,93.0,83.1,61.0,35.0,17.7,2.0,1020.5,1018.0,1016.5,2.1,4,0,0.1401273885350318,0.0976645435244161,52.3,43,14.833333333333345,41.93333333333334,79.99166840205477,23.011999999999997,0.543859649122807,4.358333333333333,368,False,False,True,False,True,False,False,-0.3090169943749477,0.9510565162951535,0.964787323828813,-0.2630312144579746,-0.9396926207859082,-0.3420201433256694,0.7372773368101241,-0.6755902076156602
2025-01-04,81,58,59.0,12,32,63,92,46,460,13870,2661,76.3,130,0.0,0.0,8,2.3,0.0,4.0,100.0,92.9,87.0,24.0,13.3,6.0,1021.5,1017.1,1009.5,1.8,5,1,0.3369565217391304,0.2,58.2,42,10.5,13.400000000000006,79.92514010011527,34.337999999999994,0.5517241379310345,4.85,370,False,False,True,False,True,False,False,-0.2965415749755711,0.9550199444571866,0.9762960071199334,-0.2164396139381028,-0.9411760152563706,-0.337916718003327,0.7402181274868322,-0.6723668074346679
2025-01-05,81,55,65.0,12,34,35,82,46,489,7652,2834,76.6,136,0.0,9.1,64,4.8,0.0,12.0,100.0,95.2,81.0,41.0,25.4,11.0,1009.5,994.5,986.5,21.2,6,1,0.2392638036809816,0.1676891615541922,58.8,45,28.0,15.866666666666674,39.601324517834,38.22,0.6181818181818182,4.8999999999999995,369,False,False,True,True,False,False,False,-0.2965415749755711,0.9550199444571866,0.958819734868193,-0.28401534470392265,-0.9426414910921783,-0.33380685923377124,0.7402181274868322,-0.6723668074346679
2025-01-06,87,54,59.0,13,35,91,109,46,490,7936,2627,77.1,119,0.0,0.0,0,9.1,5.0,12.0,94.0,82.4,70.0,67.0,38.6,28.0,991.5,983.2,974.5,2.0,0,0,0.4081632653061224,0.2224489795918367,61.5,46,43.50000000000001,35.73333333333332,64.82898920986204,36.285,0.6481481481481481,4.730769230769231,358,False,False,True,True,False,False,False,-0.3338068592337713,0.9426414910921783,0.964787323828813,-0.2630312144579746,-0.9455185755993168,-0.32556815445715664,0.7402181274868322,-0.6723668074346679
2025-01-07,77,57,58.0,12,36,89,51,46,479,7525,3411,76.4,160,0.0,13.63,103,4.2,3.0,6.0,93.0,85.2,65.0,37.0,25.4,17.0,999.5,996.0,991.5,2.3,1,0,0.2922755741127348,0.1064718162839248,57.8,43,22.0,37.866666666666674,84.9003311294585,33.523999999999994,0.631578947368421,4.816666666666666,354,False,False,True,False,True,False,False,-0.3461170570774934,0.9381913359224839,0.963630453208623,-0.26723837607825685,-0.9469301294951056,-0.3214394653031618,0.7431448254773942,-0.6691306063588582
2025-01-08,76,55,51.0,12,37,41,91,46,444,11443,3355,76.1,147,0.0,18.29,138,3.6,2.0,5.0,100.0,81.0,70.0,43.0,16.5,4.0,1003.5,1001.0,998.5,0.0,2,0,0.2972972972972973,0.2049549549549549,57.7,45,17.666666666666657,32.66666666666666,84.98889300106973,29.427000000000003,0.6727272727272727,4.808333333333334,380,False,True,False,False,True,False,False,-0.23344536385590609,0.9723699203976764,0.9702957262759965,-0.24192189559966779,-0.9483236552061992,-0.31730465640509264,0.7431448254773942,-0.6691306063588582
2025-01-09,79,57,63.0,12,37,65,110,46,512,6483,3261,75.5,172,0.0,14.0,130,2.5,1.0,5.0,100.0,85.5,61.0,31.0,14.5,2.0,1011.5,1003.4,998.5,3.0,3,0,0.341796875,0.21484375,58.9,43,14.166666666666655,35.66666666666666,79.7927405783631,37.107,0.6491228070175439,4.908333333333333,374,False,True,False,True,False,False,False,-0.2503800040544419,0.9681476403781076,0.7986355100472927,-0.6018150231520484,-0.9510565162951535,-0.30901699437494756,0.7460573750616996,-0.6658816660008342
2025-01-10,66,60,43.5,12,37,54,49,46,441,18085,3837,76.2,144,0.0,0.0,144,2.8,-2.0,5.0,100.0,85.0,70.0,28.0,14.1,0.0,1021.5,1017.0,1011.5,1.7,4,0,0.2335600907029478,0.1111111111111111,53.7,40,9.666666666666671,30.0,64.2042833102432,23.359500000000004,0.6166666666666667,4.4750000000000005,391,False,True,False,False,True,False,False,-0.17364817766693127,0.9848077530122079,0.9659258262890683,-0.25881904510252085,-0.9523957996432783,-0.3048642990280112,0.748955720789002,-0.6626200482157376
2025-01-11,48,60,24.0,13,35,70,0,46,294,9621,3015,75.7,156,2.0,4.0,99,0.7,-4.0,7.0,100.0,89.9,71.0,20.0,7.2,0.0,1033.5,1027.2,1021.5,0.4,5,1,0.238095238095238,0.0,45.900000000000006,40,6.166666666666671,26.06666666666669,44.80640133735314,11.016000000000002,0.5833333333333334,3.530769230769231,544,False,True,False,False,False,True,False,0.48098876891938763,0.8767267557075077,0.9659258262890683,-0.25881904510252085,-0.9550199444571866,-0.29654157497557104,0.748955720789002,-0.6626200482157376
2025-01-12,87,55,58.0,12,34,103,109,46,464,8236,2393,76.2,112,0.0,0.0,9,2.8,0.0,7.0,100.0,85.9,66.0,11.0,5.6,2.0,1042.5,1038.7,1033.5,0.0,6,1,0.4568965517241379,0.2349137931034483,61.2,45,16.33333333333333,32.06666666666666,64.76743930206983,35.496,0.6181818181818182,5.1000000000000005,377,False,True,False,False,True,False,False,-0.2206974350215017,0.9753423205085126,0.9659258262890683,-0.25881904510252085,-0.9563047559630353,-0.2923717047227371,0.7518398074789774,-0.6593458151000688
2025-01-13,88,54,71.0,13,34,103,154,46,659,10670,3318,76.45,150,0.0,4.8,79,0.9,-2.0,5.0,100.0,86.3,65.0,20.0,11.0,2.0,1042.5,1040.8,1036.5,0.0,0,0,0.3899848254931715,0.2336874051593323,61.60000000000001,46,6.5,32.46666666666667,64.82898920986204,43.736,0.6296296296296297,4.738461538461539,165,True,False,False,False,False,False,True,-0.9081431738250815,0.4186597375374277,0.964787323828813,-0.2630312144579746,-0.958819734868193,-0.28401534470392265,0.7547095802227719,-0.6560590289905075
2025-01-14,61,60,41.0,12,34,61,18,46,387,11209,3522,76.7,167,3.0,15.56,137,4.0,-1.0,8.0,100.0,91.3,80.0,30.0,15.9,7.0,1036.5,1033.8,1032.5,0.5,1,0,0.2041343669250646,0.0465116279069767,50.8,40,18.333333333333343,19.13333333333333,54.90750247177105,20.827999999999996,0.5666666666666667,4.233333333333333,432,False,True,False,False,True,False,False,0.03053851320982266,0.9995335908367129,0.964787323828813,-0.2630312144579746,-0.9600498543859286,-0.27982901403099236,0.7575649843840495,-0.6527597524627226
2025-01-15,80,52,52.0,12,34,65,83,46,467,9254,3271,76.7,136,0.0,18.68,105,6.9,5.0,8.0,100.0,98.8,93.0,11.0,6.2,2.0,1035.5,1033.7,1032.5,0.0,2,0,0.3169164882226981,0.1777301927194861,58.400000000000006,48,33.16666666666666,5.466666666666669,84.82326341622372,30.368,0.6538461538461539,4.866666666666667,362,False,False,True,False,True,False,False,-0.26303121445797534,0.9647873238288128,0.964787323828813,-0.2630312144579746,-0.9624552364536473,-0.2714404498650742,0.760405965600031,-0.6494480483301835
2025-01-16,90,55,51.0,11,34,53,115,46,474,12215,3157,75.7,169,3.0,8.0,125,4.3,2.0,7.0,100.0,99.0,93.0,20.0,10.8,0.0,1037.5,1036.4,1034.5,0.0,3,0,0.3544303797468354,0.2426160337552742,62.400000000000006,45,22.16666666666667,5.333333333333343,74.97334754040537,31.824,0.6181818181818182,5.672727272727273,362,False,False,True,False,True,False,False,-0.2588190451025207,0.9659258262890683,0.964787323828813,-0.2630312144579746,-0.963630453208623,-0.26723837607825707,0.760405965600031,-0.6494480483301835
2025-01-17,86,57,50.0,13,34,60,133,46,481,13854,3187,75.9,158,0.0,4.0,124,0.6,0.0,1.0,100.0,100.0,100.0,17.0,8.9,2.0,1038.5,1037.2,1036.5,0.0,4,0,0.4012474012474012,0.2765072765072765,60.8,43,2.6666666666666714,0.0,94.96677704315285,30.4,0.5964912280701754,4.676923076923076,348,False,False,True,True,False,False,False,-0.3090169943749477,0.9510565162951535,0.9713420698132614,-0.237685892326173,-0.9659258262890683,-0.25881904510252063,0.763232469782529,-0.6461239796429636
2025-01-18,74,60,38.0,12,35,38,66,46,423,12014,3188,76.9,136,0.0,7.91,89,-1.0,-2.0,0.0,100.0,99.4,93.0,15.0,9.1,2.0,1036.5,1031.8,1027.5,0.0,5,1,0.2458628841607565,0.1560283687943262,56.3,40,-5.0,5.066666666666691,90.0,21.394,0.5833333333333334,4.691666666666666,366,False,False,True,False,True,False,False,-0.22495105434386534,0.9743700647852351,0.9965655024977614,-0.08280820751220423,-0.9681476403781076,-0.25038000405444183,0.766044443118978,-0.6427876096865394
2025-01-19,74,52,48.0,12,35,49,131,46,573,10168,2480,77.2,107,0.0,0.0,15,-0.7,-1.0,0.0,100.0,96.3,93.0,11.0,6.1,2.0,1027.5,1023.6,1021.5,0.0,6,1,0.3141361256544502,0.2286212914485166,56.3,48,-2.8333333333333286,7.133333333333326,94.86839856055312,27.023999999999997,0.6730769230769231,4.691666666666666,344,False,False,True,True,False,False,False,-0.31316380648375036,0.9496991262018767,0.7431448254773942,-0.6691306063588582,-0.9692309097067544,-0.24615329302899286,0.7716245833877202,-0.6360782202777637
2025-01-20,88,55,62.0,12,35,44,117,46,484,12384,2857,77.2,172,3.0,0.0,63,0.3,-1.0,1.0,100.0,95.0,93.0,17.0,12.5,0.0,1021.5,1019.3,1018.5,0.0,0,0,0.3326446280991735,0.2417355371900826,61.900000000000006,45,0.5,8.0,89.85110843490779,38.378,0.6363636363636364,5.158333333333334,353,False,False,True,True,False,False,False,-0.267238376078258,0.9636304532086227,0.9624552364536473,-0.2714404498650742,-0.9713420698132613,-0.23768589232617343,0.7743926440821857,-0.632705328562516
2025-01-21,85,57,53.0,12,36,75,94,46,461,9945,4217,77.4,158,0.0,24.45,262,0.3,0.0,1.0,100.0,98.8,93.0,20.0,14.7,9.0,1018.5,1015.9,1011.5,0.0,1,0,0.3665943600867679,0.2039045553145336,61.0,43,2.1666666666666714,5.466666666666669,94.86839856055312,32.33,0.631578947368421,5.083333333333333,338,False,False,True,False,True,False,False,-0.32143946530316186,0.9469301294951056,0.964787323828813,-0.2630312144579746,-0.9733792584604485,-0.22920039092241418,0.777145961456971,-0.6293203910498373
2025-01-22,61,60,31.0,12,36,54,66,46,402,9028,3258,78.2,161,1.0,14.56,103,1.8,-1.0,4.0,100.0,96.8,87.0,15.0,9.2,6.0,1011.5,1004.4,999.5,4.4,2,0,0.2985074626865671,0.1641791044776119,51.4,40,8.0,10.799999999999985,74.94007182771666,15.934,0.6,4.283333333333333,393,False,True,False,False,True,False,False,-0.07845909572784562,0.996917333733128,0.9713420698132614,-0.237685892326173,-0.9753423205085126,-0.22069743502150163,0.7798844830928817,-0.6259234721840591
2025-01-23,74,60,34.5,13,35,50,41,46,453,8722,2984,78.2,154,0.0,0.0,72,5.5,4.0,7.0,100.0,88.3,81.0,33.0,22.2,7.0,1005.5,1002.2,998.5,3.1,3,0,0.2008830022075055,0.0905077262693156,56.3,40,27.5,20.46666666666667,85.0,19.4235,0.5833333333333334,4.3307692307692305,362,False,False,True,False,True,False,False,-0.20791169081775987,0.9781476007338056,0.964787323828813,-0.2630312144579746,-0.9762960071199334,-0.21643961393810282,0.782608156852414,-0.6225146366376194
2025-01-24,69,61,38.0,13,34,41,43,46,433,6567,3082,77.8,134,0.0,0.0,47,7.5,5.0,9.0,93.0,88.7,81.0,43.0,28.9,15.0,1003.5,1000.0,996.5,5.3,4,0,0.1939953810623556,0.0993071593533487,54.0,39,35.83333333333334,24.86666666666667,79.7927405783631,20.52,0.5573770491803278,4.153846153846154,371,False,True,False,False,True,False,False,-0.16074256560382694,0.9869963665602318,0.964787323828813,-0.2630312144579746,-0.9781476007338056,-0.2079116908177598,0.788010753606722,-0.6156614753256583
2025-01-25,46,61,22.0,14,33,73,55,46,442,6312,2612,77.4,123,0.0,0.0,12,5.3,2.0,8.0,100.0,89.7,71.0,24.0,11.3,2.0,1008.5,1004.0,999.5,0.3,5,1,0.2895927601809955,0.1244343891402715,44.5,39,25.5,26.200000000000017,69.95004159736656,9.79,0.5409836065573771,3.1785714285714284,375,False,True,False,False,True,False,False,-0.13485093027372372,0.9908658973868821,0.9222009716704518,-0.3867109616368207,-0.9799247046208296,-0.1993679344171973,0.7906895737438435,-0.6122172800344491
2025-01-26,90,54,76.0,12,34,102,95,46,503,10381,2887,77.8,135,0.0,0.0,39,3.5,2.0,6.0,100.0,87.7,76.0,43.0,19.7,0.0,1008.5,1003.2,991.5,9.0,6,1,0.3916500994035785,0.1888667992047713,62.400000000000006,46,19.166666666666657,24.200000000000017,79.7927405783631,47.42400000000001,0.6296296296296297,5.2,411,False,True,False,True,False,False,False,0.03053851320982266,0.9995335908367129,0.7575649843840495,-0.6527597524627226,-0.9816271834476639,-0.19080899537654547,0.7933533402912352,-0.6087614290087207
2025-01-27,80,59,51.0,12,32,47,86,46,521,15231,3083,78.35,171,4.0,0.0,70,8.6,6.0,11.0,100.0,79.7,66.0,43.0,31.0,20.0,991.5,987.4,982.5,0.0,0,0,0.255278310940499,0.165067178502879,57.8,41,42.666666666666664,36.20000000000002,74.99333422198526,29.478,0.5423728813559322,4.816666666666667,362,False,False,True,True,False,False,False,-0.17364817766693127,0.9848077530122079,0.838670567945424,-0.5446390350150272,-0.9832549075639545,-0.18223552549214778,0.7986355100472927,-0.6018150231520484
2025-01-28,79,59,49.0,12,32,51,63,46,481,8467,3664,78.9,147,0.0,16.43,161,7.6,5.0,9.0,93.0,84.2,76.0,37.0,27.8,20.0,990.5,988.9,988.5,0.6,1,0,0.237006237006237,0.1309771309771309,57.4,41,36.0,31.200000000000017,79.70221686981556,28.126,0.5423728813559322,4.783333333333333,333,False,False,True,True,False,False,False,-0.29237170472273627,0.9563047559630357,0.964787323828813,-0.2630312144579746,-0.9840406976462908,-0.17794354547384236,0.8012538126910607,-0.5983246005706591
2025-01-29,48,63,29.0,13,31,57,43,46,463,9296,2765,79.45,145,2.01,0.0,27,7.2,5.0,8.0,100.0,88.6,81.0,41.0,24.4,2.0,1008.5,1000.5,989.5,0.0,2,0,0.2159827213822894,0.0928725701943844,44.7,37,33.66666666666667,20.26666666666665,84.46509306969195,12.963,0.492063492063492,3.4384615384615387,342,False,False,True,False,True,False,False,-0.24615329302899291,0.9692309097067544,0.9659258262890683,-0.25881904510252085,-0.9855560590580776,-0.16934950384902486,0.8064446042674828,-0.5913096483635821
2025-01-30,63,61,46.0,12,31,64,21,46,345,6150,3313,80.0,140,0.0,26.7,109,5.2,2.0,7.0,100.0,89.5,76.0,20.0,10.9,0.0,1022.5,994.1,1000.0,0.0,3,0,0.2463768115942029,0.0608695652173913,50.7,39,23.66666666666667,23.0,74.67544011570322,23.322000000000003,0.5081967213114754,4.2250000000000005,454,False,True,False,False,False,True,False,0.24615329302899303,0.9692309097067544,0.9799247046208296,-0.19936793441719708,-0.9869963665602319,-0.160742565603826,0.8090169943749475,-0.587785252292473
2025-01-31,49,60,42.0,13,31,65,50,46,517,10897,4166,79.7,167,0.0,15.48,241,2.2,-1.0,6.0,100.0,92.5,81.0,15.0,9.6,2.0,1031.5,1027.0,1023.5,0.0,4,0,0.2224371373307543,0.0967117988394584,45.099999999999994,40,12.0,17.666666666666657,64.95716906412954,18.941999999999997,0.5166666666666667,3.469230769230769,327,False,False,True,True,False,False,False,-0.29237170472273627,0.9563047559630357,0.9222009716704518,-0.3867109616368207,-0.9883615104677607,-0.15212338618991714,0.8141155183563192,-0.5807029557109398
2025-02-01,49,63,36.0,12,32,79,66,61,588,6504,3781,79.5,151,0.0,30.43,249,1.0,-3.0,7.0,100.0,87.3,61.0,13.0,7.1,1.0,1033.5,1031.6,1028.5,0.0,5,1,0.2465986394557823,0.1122448979591836,40.9,37,8.333333333333343,34.46666666666667,49.667770431528325,14.723999999999998,0.5079365079365079,3.408333333333333,310,False,False,True,True,False,False,False,-0.3542910379977158,0.9351352096860117,0.7547095802227719,-0.6560590289905075,-0.9896513868196702,-0.1434926219911794,0.816641555161679,-0.5771451900372335
2025-02-02,50,59,34.0,13,30,92,153,45,618,8005,2981,79.5,151,0.0,9.48,76,0.0,-4.0,5.0,93.0,85.3,65.0,15.0,8.2,4.0,1028.5,1025.6,1024.5,0.0,6,1,0.3964401294498382,0.2475728155339805,45.5,41,1.6666666666666572,37.79999999999998,54.90750247177105,15.47,0.5084745762711864,3.5,285,False,False,True,False,False,False,True,-0.4461978131098095,0.8949343616020247,0.7223639620597556,-0.6915130557822693,-0.9908658973868822,-0.13485093027372277,0.8216469379421637,-0.569996762596303
2025-02-03,78,62,43.0,12,29,45,76,50,512,8010,3709,79.5,156,0.0,14.51,159,1.0,-4.0,7.0,100.0,90.5,76.0,13.0,9.8,2.0,1027.5,1026.5,1025.5,0.0,0,0,0.236328125,0.1484375,54.900000000000006,38,6.666666666666657,22.333333333333343,44.92429452713898,23.607000000000003,0.4677419354838709,4.575,292,False,False,True,True,False,False,False,-0.4107188526134778,0.9117620435770883,0.964787323828813,-0.2630312144579746,-0.992004949679715,-0.12619896913583006,0.8265897491271886,-0.5628049276950686
2025-02-04,75,61,43.0,12,29,61,49,46,462,8130,3595,79.5,179,3.0,19.6,162,3.0,1.0,6.0,100.0,90.2,81.0,30.0,20.0,11.0,1028.5,1026.2,1025.5,0.0,1,0,0.238095238095238,0.106060606060606,54.900000000000006,39,16.666666666666657,19.200000000000017,74.83388521576416,23.607000000000003,0.4754098360655737,4.575,369,False,False,True,False,True,False,False,-0.07845909572784562,0.996917333733128,0.9304175679820246,-0.3665012267242972,-0.9930684569549263,-0.1175373974578376,0.8290375725550417,-0.5591929034707467
2025-02-05,77,61,44.0,12,30,57,63,45,498,7806,3438,79.5,146,0.0,12.97,78,4.9,1.0,9.0,100.0,91.8,71.0,24.0,12.8,2.0,1041.5,1036.1,1028.5,0.0,2,0,0.2409638554216867,0.1265060240963855,56.3,39,24.83333333333333,24.799999999999983,59.99583355032462,24.772,0.4918032786885246,4.691666666666666,306,False,False,True,True,False,False,False,-0.3420201433256686,0.9396926207859084,0.964787323828813,-0.2630312144579746,-0.9935718556765875,-0.11320321376790694,0.8338858220671682,-0.5519369853120581
2025-02-06,79,59,49.0,12,29,71,87,52,466,12860,3064,80.0,127,0.0,4.15,76,3.9,0.0,7.0,100.0,90.9,76.0,24.0,12.7,0.0,1044.5,1042.2,1038.5,0.0,3,0,0.3390557939914163,0.186695278969957,54.7,41,18.166666666666657,22.06666666666669,64.92389227218428,26.803,0.4915254237288136,4.558333333333334,321,False,False,True,False,True,False,False,-0.27144044986507426,0.9624552364536473,0.9670459389139432,-0.2546019482055275,-0.9945218953682734,-0.10452846326765336,0.838670567945424,-0.5446390350150272
2025-02-07,83,58,56.0,12,30,71,87,45,518,10736,3451,80.0,158,0.0,0.0,97,3.2,2.0,4.0,93.0,77.2,70.0,35.0,28.3,19.0,1038.5,1029.8,1022.5,0.0,4,0,0.305019305019305,0.1679536679536679,58.7,42,15.333333333333329,39.866666666666674,89.93355408630566,32.872,0.5172413793103449,4.891666666666667,270,False,False,True,True,False,False,False,-0.4694715627858908,0.882947592858927,0.9723699203976767,-0.23344536385590514,-0.9953961983671787,-0.09584575252022441,0.8410390129643925,-0.5409744713679938
2025-02-08,59,62,36.0,13,30,64,110,54,509,12840,2996,80.0,168,2.5,0.0,41,4.0,2.0,7.0,81.0,77.1,70.0,26.0,15.2,4.0,1025.5,1021.7,1019.5,0.0,5,1,0.3418467583497053,0.2161100196463654,46.4,38,21.666666666666657,47.93333333333334,74.83388521576417,16.703999999999997,0.4838709677419355,3.569230769230769,336,False,False,True,True,False,False,False,-0.19080899537654467,0.981627183447664,0.8870108331782218,-0.4617486132350338,-0.9961946980917455,-0.08715574274765825,0.8457278217039732,-0.5336145159156115
2025-02-09,78,61,50.0,13,31,59,75,44,452,8455,4720,80.0,149,0.0,18.3,339,3.9,2.0,5.0,87.0,81.4,75.0,22.0,13.7,4.0,1030.5,1028.5,1025.5,0.0,6,1,0.2964601769911504,0.165929203539823,57.3,39,18.166666666666657,37.73333333333332,84.82326341622372,28.65,0.5081967213114754,4.407692307692307,363,False,False,True,False,True,False,False,-0.06540312923014367,0.9978589232386035,0.9396926207859084,-0.3420201433256687,-0.996917333733128,-0.07845909572784557,0.8503522249955631,-0.5262139236518693
2025-02-10,47,60,30.0,13,30,40,39,43,429,6278,3406,80.0,141,0.0,15.39,110,2.3,2.0,3.0,87.0,81.6,75.0,33.0,27.8,24.0,1030.5,1025.3,1018.5,6.6,0,0,0.1841491841491841,0.0909090909090909,44.9,40,12.166666666666671,37.599999999999994,94.86839856055312,13.47,0.5,3.4538461538461536,352,False,False,True,False,True,False,False,-0.10452846326765342,0.9945218953682733,0.964787323828813,-0.2630312144579746,-0.9975640502598242,-0.06975647374412558,0.8549118706729467,-0.5187732581605212
2025-02-11,84,59,64.0,13,31,71,67,49,464,9062,4290,80.0,159,0.0,17.76,287,2.6,2.0,4.0,100.0,93.7,87.0,26.0,18.1,9.0,1018.5,1017.4,1015.5,6.5,1,0,0.2974137931034483,0.1443965517241379,58.2,41,14.333333333333345,12.866666666666674,89.73679712110624,37.248,0.5254237288135594,4.476923076923077,314,False,False,True,False,True,False,False,-0.2588190451025207,0.9659258262890683,0.9781476007338057,-0.20791169081775912,-0.9981347984218669,-0.06104853953485769,0.8594064115014528,-0.5112930860770519
2025-02-12,46,63,29.0,13,30,68,26,40,442,5936,3834,80.0,142,0.0,24.0,229,3.8,2.0,6.0,100.0,95.0,81.0,23.0,7.8,2.0,1019.5,1017.9,1017.5,0.3,2,0,0.2126696832579185,0.0588235294117647,45.400000000000006,37,19.66666666666667,16.0,79.96669439824437,13.166000000000002,0.4761904761904761,3.492307692307693,403,False,True,False,False,True,False,False,0.134850930273723,0.9908658973868822,0.8638355052043958,-0.5037739770455263,-0.9986295347545738,-0.052335956242944306,0.8638355052043958,-0.5037739770455263
2025-02-13,83,58,70.0,12,30,47,72,42,487,9763,2792,80.0,117,0.0,0.0,4,1.1,-2.0,3.0,100.0,83.3,70.0,22.0,14.3,2.0,1025.5,1022.3,1019.5,0.0,3,0,0.24435318275154,0.1478439425051334,59.6,42,3.5,31.13333333333333,74.76114107175206,41.72,0.5172413793103449,4.966666666666667,384,False,True,False,True,False,False,False,0.06104853953485687,0.9981347984218669,0.7906895737438435,-0.6122172800344491,-0.9990482215818578,-0.04361938736533613,0.8681988144891423,-0.49621650367520825
2025-02-14,49,62,37.0,13,30,65,68,47,448,7266,3303,80.0,140,0.0,8.0,86,0.2,-4.0,4.0,100.0,82.3,65.0,13.0,7.2,0.0,1029.5,1027.9,1025.5,0.0,4,0,0.296875,0.1517857142857142,44.5,38,0.3333333333333286,35.133333333333326,59.98333680410955,16.465,0.4838709677419355,3.423076923076923,411,False,True,False,False,True,False,False,0.18223552549214747,0.9832549075639546,0.816641555161679,-0.5771451900372335,-0.9992290362407229,-0.03925981575906901,0.8724960070727971,-0.48862124149695507
2025-02-15,66,60,53.0,13,31,100,76,63,516,16238,3883,80.0,154,0.0,0.0,144,1.9,0.0,4.0,87.0,74.8,61.0,15.0,8.3,2.0,1028.5,1024.4,1022.5,0.0,5,1,0.3410852713178294,0.1472868217054263,46.8,40,9.833333333333345,51.46666666666667,79.99166840205477,24.803999999999995,0.5166666666666667,3.5999999999999996,336,False,False,True,True,False,False,False,-0.13485093027372372,0.9908658973868821,0.788010753606722,-0.6156614753256583,-0.9995335908367129,-0.030538513209822718,0.8767267557075078,-0.48098876891938747
2025-02-16,34,64,7.0,15,28,52,5,14,255,13365,4072,80.0,198,1.21,0.0,97,0.5,-3.0,4.0,86.0,76.2,56.0,30.0,18.0,7.0,1025.5,1023.4,1021.5,0.0,6,1,0.2235294117647059,0.0196078431372549,47.8,36,2.5,54.53333333333333,65.0,3.346,0.4375,3.186666666666667,799,False,True,False,False,False,True,False,0.9483236552061994,-0.317304656405092,0.10018806161207594,-0.9949685182509117,-0.9997620270799091,-0.021814885034560836,0.8808907382053855,-0.4733196671848433
2025-02-17,85,56,85.0,12,30,93,231,69,790,4767,2532,80.0,121,0.0,0.0,0,-1.5,-5.0,2.0,93.0,76.8,64.0,17.0,12.4,7.0,1026.5,1025.3,1023.5,0.0,0,0,0.410126582278481,0.2924050632911392,52.3,44,-7.5,44.133333333333326,65.0,44.455,0.5357142857142857,4.358333333333333,212,True,False,False,False,False,False,True,-0.6122172800344494,0.7906895737438433,0.2798290140309923,-0.9600498543859286,-0.999914327574007,-0.013089595571344698,0.8849876374630419,-0.4656145203251114
2025-02-18,86,55,57.0,12,31,64,116,59,558,6396,3493,80.0,151,0.0,14.7,136,-0.8,-4.0,3.0,74.0,64.0,48.0,24.0,18.1,13.0,1027.5,1025.6,1024.5,0.0,1,0,0.3225806451612903,0.2078853046594982,55.99999999999999,45,-3.0,76.0,64.95716906412954,31.919999999999995,0.5636363636363636,4.666666666666666,302,False,False,True,True,False,False,False,-0.2546019482055278,0.9670459389139431,0.816641555161679,-0.5771451900372335,-0.9999904807207345,-0.004363309284746483,0.8890171414857365,-0.45787391511695646
2025-02-19,78,60,44.0,12,32,63,92,44,450,13084,3166,80.0,119,0.0,0.0,23,1.1,-2.0,5.0,69.0,57.8,42.0,24.0,19.6,15.0,1024.5,1021.8,1020.5,0.0,2,0,0.3444444444444444,0.2044444444444444,57.6,40,6.833333333333343,87.46666666666665,64.92389227218428,25.344,0.5333333333333333,4.8,345,False,False,True,False,True,False,False,-0.061048539534856866,0.9981347984218669,0.9288095528719242,-0.3705574375098361,-0.9999904807207345,0.004363309284747004,0.8929789434111371,-0.4500984410374348
2025-02-20,80,60,56.0,12,32,54,63,42,472,6913,2836,80.6,126,0.0,12.54,55,6.3,1.0,11.0,100.0,86.5,70.0,26.0,18.2,13.0,1020.5,1019.0,1018.5,0.7,3,0,0.2478813559322034,0.1334745762711864,59.0,40,30.5,29.0,49.97000899460404,33.04,0.5333333333333333,4.916666666666667,328,False,False,True,False,True,False,False,-0.12619896913583012,0.992004949679715,0.90630778703665,-0.42261826174069933,-0.999914327574007,0.01308959557134433,0.8968727415326884,-0.44228869021900113
2025-02-21,85,58,59.0,12,34,69,99,56,525,8492,3006,81.5,124,0.0,6.29,27,13.0,9.0,17.0,94.0,77.2,59.0,30.0,21.7,15.0,1019.5,1016.0,1012.5,1.0,4,0,0.32,0.1885714285714285,57.400000000000006,42,65.0,46.53333333333333,60.0,33.86600000000001,0.5862068965517241,4.783333333333334,305,False,False,True,True,False,False,False,-0.21643961393810288,0.9762960071199334,0.8638355052043958,-0.5037739770455263,-0.9997620270799091,0.021814885034561356,0.9006982393225879,-0.43444525740441703
2025-02-22,78,59,50.0,12,34,65,62,42,473,11242,2971,81.5,159,0.0,0.0,58,10.0,6.0,13.0,100.0,90.9,72.0,26.0,19.0,13.0,1022.5,1013.9,1010.5,1.9,5,1,0.2684989429175475,0.1310782241014799,58.8,41,48.33333333333333,24.73333333333335,64.88115415715754,29.4,0.576271186440678,4.8999999999999995,323,False,False,True,False,True,False,False,-0.13052619222005168,0.9914448613738104,0.9205048534524404,-0.3907311284892736,-0.999533590836713,0.030538513209822354,0.904455145454368,-0.4265687399014584
2025-02-23,76,58,60.0,12,38,45,91,58,492,8072,2845,81.5,129,0.0,6.29,38,9.6,5.0,14.0,100.0,83.6,62.0,31.0,20.8,11.0,1027.5,1024.3,1020.5,0.0,6,1,0.2764227642276423,0.1849593495934959,54.4,42,47.666666666666664,36.26666666666668,54.996296448699546,32.64,0.6551724137931034,4.533333333333333,337,False,False,True,True,False,False,False,-0.06540312923014367,0.9978589232386035,0.7906895737438435,-0.6122172800344491,-0.9993908270190958,0.03489949670250128,0.9081431738250815,-0.4186597375374278
2025-02-24,81,57,49.0,12,38,57,80,48,515,10462,3452,81.5,169,0.0,14.13,113,10.4,9.0,12.0,100.0,83.3,67.0,33.0,27.6,19.0,1020.5,1014.8,1012.5,5.2,0,0,0.2660194174757281,0.1553398058252427,59.4,43,52.333333333333336,33.133333333333326,84.98889300106973,29.106,0.6666666666666666,4.95,280,False,False,True,True,False,False,False,-0.30070579950427384,0.9537169507482267,0.9238795325112867,-0.3826834323650897,-0.9990482215818578,0.043619387365335764,0.9117620435770886,-0.4107188526134773
2025-02-25,80,59,47.0,13,37,50,89,57,458,11276,3579,81.5,168,5.0,15.93,167,8.1,6.0,11.0,100.0,92.0,76.0,19.0,12.7,4.0,1014.5,1013.4,1012.5,0.0,1,0,0.3034934497816594,0.1943231441048035,56.0,41,41.833333333333336,21.333333333333343,74.8935599231326,26.32,0.6271186440677966,4.3076923076923075,340,False,False,True,False,True,False,False,-0.034899496702500823,0.9993908270190958,0.9222009716704518,-0.3867109616368207,-0.9986295347545738,0.052335956242943946,0.9153114791194472,-0.40274668985873713
2025-02-26,76,61,39.0,12,36,61,88,41,515,8363,2748,81.5,128,0.0,0.0,5,7.0,2.0,11.0,100.0,82.1,54.0,31.0,15.8,0.0,1016.5,1014.3,1010.5,3.4,2,0,0.2893203883495145,0.170873786407767,58.9,39,33.33333333333334,42.599999999999994,54.90750247177105,22.971,0.5901639344262295,4.908333333333333,307,False,False,True,True,False,False,False,-0.16934950384902492,0.9855560590580776,0.8457278217039732,-0.5336145159156115,-0.998134798421867,0.06104853953485644,0.9205048534524404,-0.3907311284892736
2025-02-27,79,58,55.0,12,37,65,90,39,411,9551,3242,81.5,131,0.0,14.87,87,6.0,5.0,8.0,100.0,89.8,81.0,26.0,15.8,2.0,1020.5,1014.3,1010.5,1.6,3,0,0.3771289537712895,0.218978102189781,61.00000000000001,42,31.666666666666657,19.46666666666667,84.72474768348053,33.550000000000004,0.6379310344827587,5.083333333333334,372,False,True,False,False,True,False,False,0.12186934340514748,0.992546151641322,0.9351352096860117,-0.35429103799771566,-0.9975640502598243,0.06975647374412522,0.9238795325112867,-0.3826834323650897
2025-02-28,72,57,63.0,12,37,56,64,42,391,12511,2777,81.7,113,0.0,0.0,0,5.4,1.0,8.0,100.0,83.7,66.0,22.0,13.8,6.0,1030.5,1026.4,1020.5,0.0,4,0,0.3069053708439898,0.1636828644501279,57.3,43,24.0,33.53333333333333,64.61638797409174,36.099,0.6491228070175439,4.775,393,False,True,False,False,True,False,False,0.22069743502150108,0.9753423205085127,0.9099612708765433,-0.4146932426562388,-0.9969173337331281,0.07845909572784432,0.9271838545667874,-0.37460659341591207
2025-03-01,88,58,66.0,13,37,99,98,53,496,13577,3229,81.9,120,0.0,0.0,30,4.0,0.0,8.0,100.0,83.4,62.0,17.0,8.7,2.0,1036.5,1033.7,1030.5,0.0,5,1,0.3971774193548387,0.1975806451612903,60.400000000000006,42,20.0,36.400000000000006,60.0,39.864,0.6379310344827587,4.6461538461538465,343,False,False,True,True,False,False,False,0.008726535498373935,0.9999619230641713,0.8038568606172174,-0.5948227867513411,-0.9965655024977614,0.08280820751220433,0.9304175679820246,-0.3665012267242972
2025-03-02,46,62,28.0,13,35,50,33,40,436,13015,3679,82.1,126,0.0,0.0,81,3.0,-3.0,10.0,100.0,85.5,54.0,11.0,4.0,0.0,1036.5,1034.9,1031.5,0.0,6,1,0.1903669724770642,0.0756880733944954,46.900000000000006,38,16.666666666666657,40.33333333333334,34.93592901352288,13.132000000000003,0.5645161290322581,3.607692307692308,443,False,True,False,False,True,False,False,0.43837114678907746,0.898794046299167,0.6259234721840592,-0.7798844830928817,-0.9958049275746618,0.09150161866340183,0.9335804264972017,-0.35836794954530027
2025-03-03,39,62,24.0,14,34,79,0,41,351,15141,3319,82.3,124,0.0,0.0,49,2.9,-4.0,10.0,100.0,84.4,54.0,9.0,4.7,0.0,1031.5,1029.8,1028.5,0.0,0,0,0.225071225071225,0.0,43.5,38,14.833333333333345,41.06666666666666,29.99761908811007,10.44,0.5483870967741935,3.107142857142857,429,False,True,False,False,False,True,False,0.3907311284892737,0.9205048534524404,0.9099612708765433,-0.4146932426562388,-0.9949685182509117,0.10018806161207608,0.9381913359224842,-0.3461170570774929
2025-03-04,77,61,58.0,13,34,48,55,53,468,9047,3393,82.5,169,3.0,15.75,123,3.8,-3.0,12.0,100.0,81.3,54.0,15.0,6.9,0.0,1028.5,1026.6,1024.5,0.0,1,0,0.22008547008547,0.1175213675213675,55.099999999999994,39,21.33333333333333,43.133333333333326,24.89119004182443,31.958,0.5573770491803278,4.238461538461538,414,False,True,False,False,True,False,False,0.33791671800332695,0.9411760152563706,0.6461239796429639,-0.7632324697825289,-0.9940563382223196,0.10886687485196471,0.9411760152563707,-0.3379167180033268
2025-03-05,50,63,43.0,12,33,45,105,43,453,9070,2846,81.8,119,0.0,0.0,3,6.3,0.0,14.0,93.0,73.3,44.0,22.0,12.0,4.0,1025.5,1022.8,1020.5,0.0,2,0,0.3311258278145695,0.2317880794701986,46.99999999999999,37,33.83333333333333,59.79999999999998,29.883430393855303,20.209999999999997,0.5238095238095238,3.916666666666666,471,False,True,False,False,True,False,False,0.5664062369248328,0.8241261886220157,0.5112930860770525,-0.8594064115014525,-0.9930684569549263,0.11753739745783724,0.9440890203927843,-0.3296906452627872
2025-03-06,43,62,30.0,13,32,67,21,36,331,13284,3788,82.0,159,0.0,0.0,101,8.3,1.0,17.0,93.0,69.7,45.0,19.0,11.2,6.0,1020.5,1017.2,1015.5,0.0,3,0,0.2658610271903323,0.0634441087613293,46.0,38,43.833333333333336,61.53333333333333,19.89798171498215,13.8,0.5161290322580645,3.5384615384615383,465,False,True,False,False,False,True,False,0.5519369853120581,0.8338858220671682,0.894934361602025,-0.4461978131098088,-0.992004949679715,0.1261989691358297,0.9469301294951057,-0.3214394653031616
2025-03-07,78,63,39.0,12,30,74,83,47,555,6631,2919,82.3,125,0.0,14.03,48,10.3,4.0,18.0,87.0,66.8,45.0,17.0,11.4,6.0,1016.5,1015.8,1015.5,0.0,4,0,0.2828828828828829,0.1495495495495495,56.1,37,53.83333333333333,67.46666666666667,29.88343039385532,21.879,0.4761904761904761,4.675,404,False,True,False,True,False,False,False,0.31730465640509214,0.9483236552061993,0.37864861735243294,-0.9255405040175664,-0.9914448613738104,0.13052619222005213,0.9510565162951536,-0.30901699437494734
2025-03-08,75,57,55.0,13,30,48,69,47,401,8615,3050,82.5,144,0.0,19.05,102,12.2,5.0,19.0,76.0,52.6,24.0,22.0,14.3,7.0,1015.5,1012.7,1009.5,0.0,5,1,0.2917705735660847,0.1720698254364089,54.9,43,60.33333333333334,98.26666666666668,29.99047683826626,30.195,0.5263157894736842,4.223076923076923,358,False,False,True,False,True,False,False,0.13052619222005157,0.9914448613738104,0.9426414910921783,-0.333806859233771,-0.9902680687415704,0.13917310096006547,0.9537169507482269,-0.30070579950427295
2025-03-09,73,58,51.0,13,34,67,85,46,481,7389,2744,83.0,123,0.0,0.0,13,10.8,4.0,18.0,81.0,61.2,42.0,17.0,10.3,6.0,1009.5,1006.0,1003.5,0.0,6,1,0.316008316008316,0.1767151767151767,55.60000000000001,42,54.66666666666666,77.2,29.99047683826626,28.356000000000005,0.5862068965517241,4.276923076923078,390,False,True,False,True,False,False,False,0.27563735581699916,0.9612616959383189,0.9170600743851242,-0.398749068925246,-0.9890158633619168,0.14780941112961096,0.9563047559630355,-0.29237170472273666
2025-03-10,62,61,34.0,13,31,63,24,45,363,11049,3822,82.3,140,0.0,15.12,127,9.1,4.0,15.0,93.0,70.1,42.0,17.0,10.3,0.0,1004.5,1002.8,1001.5,0.0,0,0,0.2396694214876033,0.0661157024793388,50.599999999999994,39,46.833333333333336,63.26666666666668,44.951536503428784,17.203999999999997,0.5081967213114754,3.892307692307692,423,False,True,False,False,True,False,False,0.41865973753742813,0.9081431738250813,0.8849876374630419,-0.4656145203251114,-0.9876883405951378,0.15643446504023067,0.9600498543859287,-0.2798290140309919
2025-03-11,73,59,29.0,13,30,52,96,38,391,5757,3284,81.7,135,0.0,19.8,130,5.4,2.0,8.0,100.0,80.5,57.0,28.0,15.8,7.0,1004.5,1004.0,1002.5,0.0,1,0,0.3785166240409207,0.2455242966751918,56.8,41,25.666666666666657,41.66666666666666,69.91124240960865,16.471999999999998,0.5084745762711864,4.369230769230769,531,False,True,False,False,True,False,False,0.7906895737438433,0.6122172800344493,0.4656145203251116,-0.8849876374630418,-0.9862856015372313,0.1650476058606778,0.9624552364536473,-0.2714404498650742
2025-03-12,88,57,73.0,12,32,66,154,69,562,7226,2910,81.0,124,0.0,0.0,9,4.3,1.0,8.0,100.0,83.2,61.0,22.0,11.8,0.0,1002.5,1000.7,999.5,0.0,2,0,0.3914590747330961,0.2740213523131672,54.1,43,22.16666666666667,37.20000000000002,64.98095756115919,39.493,0.5614035087719298,4.508333333333334,261,False,False,True,True,False,False,False,-0.2588190451025207,0.9659258262890683,0.7743926440821857,-0.632705328562516,-0.9855560590580777,0.1693495038490245,0.964787323828813,-0.2630312144579746
2025-03-13,81,55,51.0,12,33,105,102,35,430,8682,3017,82.2,149,0.0,4.94,80,3.3,0.0,7.0,100.0,84.3,57.0,20.0,9.2,2.0,1004.5,1001.0,998.5,0.0,3,0,0.4813953488372093,0.2372093023255814,61.8,45,17.16666666666667,39.133333333333326,64.98095756115919,31.517999999999997,0.6,5.1499999999999995,346,False,False,True,False,True,False,False,0.11753739745783764,0.9930684569549263,0.8660254037844387,-0.49999999999999983,-0.9840406976462908,0.177943545473842,0.9670459389139432,-0.2546019482055275
2025-03-14,44,63,32.0,13,33,79,23,51,439,13385,2860,82.5,123,0.0,0.0,31,3.3,0.0,7.0,93.0,71.5,49.0,24.0,13.6,4.0,1017.5,1010.1,1004.5,0.0,4,0,0.2323462414578587,0.0523917995444191,42.2,37,17.16666666666667,57.66666666666666,64.98095756115919,13.503999999999998,0.5238095238095238,3.2461538461538457,418,False,True,False,False,True,False,False,0.4265687399014583,0.904455145454368,0.5664062369248332,-0.8241261886220155,-0.9824503977255098,0.18652403600873432,0.9702957262759965,-0.24192189559966779
2025-03-15,74,56,59.0,12,33,61,58,61,435,15139,2847,82.7,130,0.0,0.0,24,3.9,1.0,7.0,87.0,67.1,49.0,28.0,19.7,11.0,1022.5,1020.6,1017.5,0.0,5,1,0.2735632183908046,0.1333333333333333,51.2,44,19.833333333333343,64.6,69.9944449587525,30.208,0.5892857142857143,4.266666666666667,331,False,False,True,False,True,False,False,0.0697564737441253,0.9975640502598242,0.8503522249955631,-0.5262139236518693,-0.9807852804032304,0.1950903220161283,0.9723699203976767,-0.23344536385590514
2025-03-16,75,59,55.0,13,33,50,64,46,525,7566,2956,83.0,151,0.0,0.0,66,4.7,0.0,9.0,93.0,76.6,53.0,22.0,13.8,7.0,1026.5,1023.8,1022.5,0.0,6,1,0.2171428571428571,0.1219047619047619,56.1,41,22.83333333333333,51.599999999999994,54.98518762303531,30.855,0.559322033898305,4.315384615384615,315,False,False,True,True,False,False,False,0.004363309284746571,0.9999904807207345,0.6560590289905073,-0.754709580222772,-0.9799247046208297,0.19936793441719694,0.9743700647852352,-0.2249510543438648
2025-03-17,50,62,35.0,12,32,60,27,53,389,8305,2897,83.0,136,0.0,0.0,8,6.3,3.0,10.0,81.0,60.0,40.0,26.0,17.5,9.0,1031.5,1029.0,1026.5,0.0,0,0,0.2236503856041131,0.0694087403598971,43.7,38,32.16666666666667,79.33333333333333,64.98095756115919,15.295,0.5161290322580645,3.641666666666667,442,False,True,False,False,True,False,False,0.5372996083468239,0.8433914458128857,0.5555702330196022,-0.8314696123025453,-0.9781476007338058,0.20791169081775857,0.9772311064626789,-0.21217767215644623
2025-03-18,72,58,67.0,12,34,53,107,72,568,6214,3458,83.0,154,0.0,15.33,112,5.8,0.0,11.0,60.0,41.3,26.0,24.0,18.5,11.0,1030.5,1028.3,1025.5,0.0,1,0,0.2816901408450704,0.1883802816901408,47.400000000000006,42,28.0,84.86666666666666,44.972734031209576,31.758000000000003,0.5862068965517241,3.9500000000000006,261,False,False,True,True,False,False,False,-0.21217767215644653,0.9772311064626789,0.6052939880428945,-0.7960020025346219,-0.9762960071199335,0.21643961393810246,0.9790454724845838,-0.20364175114017755
2025-03-19,83,58,61.0,12,33,63,99,58,534,7365,2547,82.8,127,0.0,0.0,5,8.0,0.0,16.0,76.0,52.8,38.0,19.0,10.8,2.0,1025.5,1023.8,1022.5,0.0,2,0,0.3033707865168539,0.1853932584269663,55.7,42,40.0,88.8,20.0,33.977000000000004,0.5689655172413793,4.641666666666667,228,True,False,False,True,False,False,False,-0.3420201433256686,0.9396926207859084,0.904455145454368,-0.4265687399014584,-0.9743700647852352,0.22495105434386492,0.9807852804032305,-0.19509032201612797
2025-03-20,51,63,34.0,13,32,107,59,40,463,6381,3990,82.5,136,0.0,31.04,176,10.4,2.0,18.0,93.0,64.4,37.0,17.0,7.1,0.0,1022.5,1021.4,1019.5,0.0,3,0,0.3585313174946004,0.1274298056155507,48.00000000000001,37,50.666666666666664,70.4,19.966673608219097,16.320000000000004,0.5079365079365079,3.692307692307693,437,False,True,False,False,True,False,False,0.5372996083468239,0.8433914458128857,0.4383711467890773,-0.898794046299167,-0.9733792584604486,0.22920039092241382,0.9832549075639546,-0.18223552549214753
2025-03-21,42,63,27.0,13,32,43,7,47,413,9011,2895,82.3,123,0.0,0.0,7,14.3,6.0,21.0,81.0,56.5,35.0,31.0,19.7,7.0,1019.5,1013.0,1007.5,0.0,4,0,0.1210653753026634,0.0169491525423728,42.3,37,68.83333333333333,85.0,24.85791237040766,11.421,0.5079365079365079,3.2538461538461543,388,False,True,False,False,True,False,False,0.35429103799771583,0.9351352096860117,0.7906895737438435,-0.6122172800344491,-0.9713420698132614,0.23768589232617307,0.984807753012208,-0.1736481776669303
2025-03-22,73,60,63.0,13,33,85,38,56,416,7240,2798,82.3,120,0.0,0.0,0,15.2,13.0,18.0,67.0,52.1,45.0,26.0,18.7,13.0,1006.5,1003.8,1001.5,0.0,5,1,0.2956730769230769,0.0913461538461538,52.3,40,77.0,90.6,74.94007182771666,32.949,0.55,4.023076923076923,408,False,True,False,False,True,False,False,0.4422886902190013,0.8968727415326883,0.7163019434246544,-0.69779045984168,-0.9692309097067545,0.2461532930289925,0.9862856015372314,-0.1650476058606777
2025-03-23,44,63,25.0,13,31,28,51,48,365,14119,3856,81.7,148,0.0,15.25,129,13.5,10.0,17.0,82.0,69.4,55.0,19.0,13.0,6.0,1009.5,1003.9,1000.5,0.0,6,1,0.2164383561643835,0.1397260273972602,42.5,37,67.5,62.400000000000006,65.0,10.625,0.492063492063492,3.269230769230769,648,False,True,False,False,True,False,False,0.9983916705573488,0.05669278756337759,-0.15643446504023073,-0.9876883405951378,-0.9670459389139432,0.2546019482055274,0.9883615104677607,-0.1521233861899167
2025-03-24,89,54,87.0,13,33,98,122,70,688,7557,3210,82.0,139,0.0,20.07,128,8.7,6.0,13.0,100.0,86.2,67.0,22.0,13.7,6.0,1020.5,1015.2,1009.5,0.0,0,0,0.3197674418604651,0.1773255813953488,54.5,46,46.166666666666664,31.200000000000017,64.69655352046584,47.415,0.6111111111111112,4.1923076923076925,175,True,False,False,False,False,False,True,-0.5187732581605222,0.854911870672946,0.6052939880428945,-0.7960020025346219,-0.9659258262890682,0.25881904510252113,0.9896513868196702,-0.14349262199117918
2025-03-25,70,58,44.0,12,33,59,43,42,399,11169,3434,82.2,159,3.0,15.0,128,8.1,5.0,11.0,100.0,84.1,71.0,22.0,14.8,9.0,1022.5,1020.6,1019.5,0.0,1,0,0.2556390977443609,0.1077694235588972,55.3,42,40.166666666666664,29.933333333333337,69.9944449587525,24.331999999999997,0.5689655172413793,4.608333333333333,400,False,True,False,False,True,False,False,0.4305110968082951,0.9025852843498606,0.7040147244559682,-0.7101853756232854,-0.9636304532086231,0.26723837607825673,0.9914448613738105,-0.13052619222005138
2025-03-26,44,61,31.0,13,31,51,24,42,378,7703,3456,82.6,135,0.0,19.69,107,8.3,4.0,12.0,100.0,82.7,67.0,19.0,10.7,0.0,1025.5,1024.5,1022.5,0.0,2,0,0.1984126984126984,0.0634920634920634,44.3,39,40.5,33.53333333333333,59.9625175616648,13.733,0.5081967213114754,3.4076923076923076,354,False,False,True,False,True,False,False,0.25038000405444144,0.9681476403781077,0.9081431738250815,-0.4186597375374278,-0.9612616959383188,0.2756373558169994,0.9925461516413221,-0.12186934340514737
2025-03-27,42,57,25.0,13,31,85,19,33,323,8907,3162,83.0,118,0.0,0.0,14,8.0,1.0,15.0,100.0,78.6,51.0,13.0,7.8,0.0,1024.5,1021.0,1016.5,0.0,3,0,0.3219814241486068,0.0588235294117647,46.2,43,40.0,46.93333333333334,30.0,11.55,0.543859649122807,3.5538461538461537,420,False,True,False,False,False,True,False,0.5224985647159488,0.8526401643540923,0.8987940462991669,-0.4383711467890775,-0.9588197348681932,0.2840153447039223,0.9935718556765875,-0.11320321376790671
2025-03-28,48,63,35.0,13,31,64,41,54,462,16839,3855,83.0,159,2.02,0.0,78,7.3,3.0,11.0,100.0,88.5,71.0,28.0,14.8,6.0,1015.5,1012.5,1010.5,0.0,4,0,0.2272727272727272,0.0887445887445887,42.3,37,35.5,27.0,59.9625175616648,14.805,0.492063492063492,3.253846153846154,356,False,False,True,False,True,False,False,0.27144044986507426,0.9624552364536473,0.7101853756232853,-0.7040147244559685,-0.9575713608048143,0.2881962681340896,0.9949685182509117,-0.10018806161207598
2025-03-29,25,63,8.0,13,29,22,0,28,186,23964,3605,83.0,130,0.0,0.0,3,6.8,1.0,11.0,100.0,82.3,66.0,26.0,14.1,2.0,1021.5,1018.9,1014.5,0.0,5,1,0.1182795698924731,0.0,40.3,37,31.33333333333333,34.46666666666667,49.78711984626521,3.224,0.4603174603174603,3.0999999999999996,584,False,True,False,False,False,True,False,0.9575713608048144,0.2881962681340894,0.8681988144891423,-0.49621650367520825,-0.9550199444571867,0.2965415749755707,0.9958049275746618,-0.09150161866340217
2025-03-30,78,63,67.0,13,30,32,115,63,597,10304,4038,82.9,137,0.0,0.0,129,8.0,8.0,8.0,81.0,74.8,71.0,31.0,30.0,28.0,1016.5,1016.0,1015.5,0.0,6,1,0.2462311557788944,0.1926298157453936,51.3,37,40.0,48.79999999999998,100.0,34.371,0.4761904761904761,3.9461538461538463,362,False,False,True,True,False,False,False,0.5482932295199138,0.8362861558477596,-0.04797812852134395,-0.9988483864849507,-0.8410390129643925,0.5409744713679937,0.9411760152563707,-0.3379167180033268
2025-03-31,66,58,54.0,13,29,94,119,53,558,9902,2849,82.9,141,0.0,8.02,42,8.5,5.0,12.0,87.0,72.3,51.0,22.0,16.2,9.0,1030.5,1027.1,1022.5,0.0,0,0,0.3817204301075269,0.2132616487455197,49.2,42,42.5,59.79999999999998,65.0,26.568,0.5,3.784615384615385,285,False,False,True,True,False,False,False,0.25038000405444144,0.9681476403781077,0.4383711467890773,-0.898794046299167,-0.8362861558477594,0.5482932295199139,0.9455185755993168,-0.3255681544571564
2025-04-01,94,55,59.0,13,30,78,139,55,523,9430,3241,82.9,130,0.0,12.4,104,8.7,4.0,14.0,100.0,71.3,38.0,28.0,17.3,7.0,1030.5,1028.5,1026.5,0.0,1,0,0.4149139579349904,0.265774378585086,60.1,45,44.5,60.46666666666667,49.97000899460404,35.459,0.5454545454545454,4.6230769230769235,227,True,False,False,True,False,False,False,0.004363309284746571,0.9999904807207345,0.7040147244559682,-0.7101853756232854,-0.8338858220671683,0.551936985312058,0.9483236552061994,-0.317304656405092
2025-04-02,88,55,61.0,12,31,104,174,46,579,10498,3654,82.9,140,0.0,18.45,142,11.6,6.0,17.0,76.0,58.7,39.0,33.0,22.4,13.0,1027.5,1024.7,1021.5,0.0,2,0,0.4801381692573402,0.3005181347150259,60.7,45,57.666666666666664,84.2,44.99696978044453,37.027,0.5636363636363636,5.058333333333334,183,True,False,False,True,False,False,False,-0.17794354547384153,0.9840406976462909,0.6626200482157374,-0.7489557207890022,-0.8290375725550421,0.5591929034707462,0.9510565162951536,-0.30901699437494734
2025-04-03,82,59,49.0,13,32,52,117,46,541,10327,3825,82.8,146,0.0,12.21,197,14.5,9.0,20.0,71.0,52.1,33.0,30.0,19.7,11.0,1024.5,1022.9,1021.5,0.0,3,0,0.3123844731977819,0.2162661737523105,58.6,41,72.5,95.93333333333334,45.0,28.714,0.5423728813559322,4.507692307692308,215,True,False,False,True,False,False,False,-0.03053851320982367,0.9995335908367129,0.7071067811865476,-0.7071067811865475,-0.8241261886220159,0.5664062369248325,0.9550199444571866,-0.29654157497557104
2025-04-04,83,58,50.0,12,34,63,178,40,560,13598,3797,82.8,155,5.03,15.85,185,14.1,6.0,20.0,81.0,56.0,37.0,26.0,15.9,4.0,1022.5,1020.8,1018.5,0.0,4,0,0.4303571428571429,0.3178571428571428,61.400000000000006,42,66.83333333333334,84.0,29.71249518347281,30.700000000000003,0.5862068965517241,5.116666666666667,215,True,False,False,True,False,False,False,-0.0218148850345609,0.9997620270799091,0.6052939880428945,-0.7960020025346219,-0.8191520442889918,0.573576436351046,0.9575713608048144,-0.2881962681340895
2025-04-05,73,59,48.0,13,35,65,56,65,464,11752,2857,82.6,127,0.0,0.0,65,10.4,7.0,15.0,100.0,64.8,39.0,31.0,23.0,11.0,1022.5,1020.5,1019.5,0.0,5,1,0.2607758620689655,0.1206896551724138,50.2,41,53.99999999999999,64.13333333333333,59.85028020023054,24.096000000000004,0.5932203389830508,3.8615384615384616,252,False,False,True,False,True,False,False,0.14349262199117932,0.9896513868196702,0.7343225094356858,-0.6788007455329416,-0.816641555161679,0.5771451900372334,0.9600498543859287,-0.2798290140309919
2025-04-06,86,58,61.0,12,35,67,102,47,510,11351,2831,82.4,117,0.0,0.0,46,8.3,4.0,12.0,71.0,48.3,33.0,26.0,22.0,13.0,1027.5,1025.3,1022.5,0.0,6,1,0.3313725490196078,0.2,60.8,42,40.5,98.46666666666664,59.9625175616648,37.087999999999994,0.603448275862069,5.066666666666666,209,True,False,False,True,False,False,False,-0.034899496702500823,0.9993908270190958,0.7933533402912352,-0.6087614290087207,-0.8115739819650127,0.5842496656374337,0.9624552364536473,-0.2714404498650742
2025-04-07,87,56,58.0,13,37,55,130,48,487,16891,3450,82.2,149,5.05,0.0,90,8.0,2.0,13.0,81.0,58.5,38.0,22.0,13.2,4.0,1027.5,1026.9,1026.5,0.0,0,0,0.3798767967145791,0.2669404517453799,61.50000000000001,44,38.33333333333334,81.66666666666667,44.92429452713898,35.67,0.6607142857142857,4.730769230769232,202,True,False,False,True,False,False,False,-0.05669278756337689,0.9983916705573489,0.8638355052043958,-0.5037739770455263,-0.8064446042674829,0.591309648363582,0.9659258262890683,-0.25881904510252085
2025-04-08,79,57,45.0,13,34,66,92,42,452,9640,3644,82.0,138,0.0,19.45,144,8.7,4.0,14.0,87.0,63.8,41.0,20.0,14.5,6.0,1029.5,1027.9,1026.5,0.0,1,0,0.3495575221238938,0.2035398230088495,59.2,43,44.5,72.13333333333333,49.97000899460404,26.64,0.5964912280701754,4.553846153846154,219,True,False,False,False,True,False,False,0.02617694830787315,0.9996573249755573,0.8638355052043958,-0.5037739770455263,-0.8012538126910608,0.598324600570659,0.9681476403781077,-0.2503800040544414
2025-04-09,81,58,52.0,12,34,46,85,33,460,9648,3517,81.0,141,0.0,15.18,130,8.0,5.0,11.0,87.0,74.8,62.0,26.0,15.7,7.0,1029.5,1027.4,1025.5,0.0,2,0,0.2847826086956522,0.1847826086956521,62.7,42,40.0,50.79999999999998,70.0,32.604,0.5862068965517241,5.2250000000000005,218,True,False,False,False,True,False,False,0.02617694830787315,0.9996573249755573,0.8638355052043958,-0.5037739770455263,-0.7986355100472932,0.6018150231520479,0.9702957262759965,-0.24192189559966779
2025-04-10,84,59,52.0,13,34,69,88,40,484,12419,4187,82.0,164,5.03,24.25,240,9.1,4.0,13.0,93.0,75.3,63.0,26.0,15.7,7.0,1029.5,1027.4,1025.5,0.0,3,0,0.3243801652892562,0.1818181818181818,61.8,41,43.50000000000001,45.79999999999998,54.86686361441297,32.135999999999996,0.576271186440678,4.753846153846154,207,True,False,False,True,False,False,False,-0.013089595571344759,0.999914327574007,0.8571673007021123,-0.5150380749100543,-0.7933533402912352,0.6087614290087207,0.9733792584604485,-0.22920039092241415
2025-04-11,87,59,56.0,13,34,84,120,56,534,9012,3586,82.0,152,0.0,8.12,155,9.9,3.0,16.0,100.0,80.1,59.0,22.0,11.7,4.0,1026.5,1022.2,1018.5,0.0,4,0,0.3820224719101123,0.2247191011235955,58.2,41,48.166666666666664,40.599999999999994,34.95898729775702,32.592000000000006,0.576271186440678,4.476923076923077,152,True,False,False,True,False,False,False,-0.24192189559966787,0.9702957262759965,0.8433914458128858,-0.5372996083468236,-0.7880107536067218,0.6156614753256585,0.9753423205085127,-0.22069743502150116
2025-04-12,72,60,46.0,13,34,39,48,43,408,11587,3238,82.0,174,3.01,0.0,40,15.0,6.0,23.0,100.0,63.0,33.0,26.0,14.8,0.0,1018.5,1010.4,1001.5,3.8,5,1,0.213235294117647,0.1176470588235294,56.099999999999994,40,73.33333333333333,69.33333333333334,14.95099451884616,25.805999999999997,0.5666666666666667,4.315384615384615,275,False,False,True,False,True,False,False,0.29237170472273677,0.9563047559630354,0.816641555161679,-0.5771451900372335,-0.785316930880745,0.619093949309834,0.9772311064626789,-0.21217767215644623
2025-04-13,60,63,38.0,13,33,56,39,46,443,11154,2779,82.0,119,0.0,0.0,24,13.9,11.0,17.0,94.0,72.5,48.0,33.0,22.3,17.0,1007.5,1000.2,998.5,0.0,6,1,0.2144469525959368,0.0880361173814898,50.1,37,69.83333333333334,57.0,69.9944449587525,19.038,0.5238095238095238,3.853846153846154,393,False,True,False,False,True,False,False,0.7313537016191705,0.6819983600624985,0.3131638064837494,-0.949699126201877,-0.7798844830928816,0.6259234721840593,0.9790454724845838,-0.20364175114017755
2025-04-14,44,62,36.0,13,32,80,21,49,391,15754,3804,82.5,156,7.98,12.29,138,12.6,9.0,16.0,94.0,70.1,48.0,20.0,14.7,7.0,1009.5,1007.5,1003.5,0.0,0,0,0.258312020460358,0.0537084398976982,42.5,38,62.666666666666664,58.599999999999994,64.99523841913313,15.3,0.5161290322580645,3.269230769230769,248,True,False,False,False,True,False,False,0.19509032201612825,0.9807852804032304,0.9440890203927843,-0.3296906452627872,-0.7743926440821857,0.6327053285625159,0.981627183447664,-0.1908089953765448
2025-04-15,60,63,41.0,14,32,81,89,42,534,6371,2741,83.0,134,0.0,4.01,34,14.5,10.0,21.0,100.0,73.5,56.0,33.0,17.2,4.0,1003.5,998.9,996.5,1.5,1,0,0.3183520599250936,0.1666666666666666,51.0,37,75.83333333333333,47.0,44.6977999232098,20.91,0.5079365079365079,3.642857142857143,260,False,False,True,True,False,False,False,0.25460194820552756,0.9670459389139432,0.48480962024633717,-0.8746197071393957,-0.7688418320734595,0.6394390019805849,0.9832549075639546,-0.18223552549214753
2025-04-16,81,57,62.0,13,32,59,80,51,482,8701,4380,83.0,144,0.0,54.09,288,10.8,9.0,12.0,100.0,76.7,62.0,20.0,11.4,2.0,1012.5,1007.3,1000.5,0.0,2,0,0.2883817427385892,0.1659751037344398,56.7,43,53.0,40.866666666666674,84.9003311294585,35.153999999999996,0.5614035087719298,4.361538461538461,266,False,False,True,True,False,False,False,0.28401534470392265,0.958819734868193,0.6560590289905073,-0.754709580222772,-0.7660444431189781,0.6427876096865393,0.984807753012208,-0.1736481776669303
2025-04-17,87,58,51.0,13,32,79,120,45,515,13531,3179,84.0,158,6.49,0.0,104,10.5,8.0,13.0,87.0,71.8,54.0,15.0,8.8,2.0,1014.5,1012.9,1011.5,0.0,3,0,0.3864077669902913,0.233009708737864,60.900000000000006,42,52.5,58.133333333333326,75.0,31.059,0.5517241379310345,4.684615384615385,184,True,False,False,True,False,False,False,-0.061048539534856866,0.9981347984218669,0.8141155183563192,-0.5807029557109398,-0.7604059656000308,0.6494480483301839,0.9862856015372314,-0.1650476058606777
2025-04-18,86,58,55.0,13,32,93,99,54,486,7544,3398,84.0,146,0.0,9.48,148,10.4,7.0,16.0,93.0,74.1,45.0,19.0,9.4,4.0,1016.5,1014.5,1013.5,0.0,4,0,0.3950617283950617,0.2037037037037037,57.8,42,55.666666666666664,58.599999999999994,54.55406142092197,31.79,0.5517241379310345,4.446153846153846,289,False,False,True,True,False,False,False,0.3947438563842672,0.9187912101488983,0.5771451900372336,-0.8166415551616789,-0.7547095802227722,0.656059028990507,0.9876883405951377,-0.15643446504023104
2025-04-19,39,63,26.0,13,31,42,0,38,358,45992,6087,84.0,143,0.0,4.01,145,9.5,5.0,14.0,93.0,73.0,54.0,20.0,14.2,6.0,1013.5,1010.8,1008.5,0.0,5,1,0.1173184357541899,0.0,43.5,37,47.5,53.33333333333334,55.0,11.31,0.492063492063492,3.3461538461538463,324,False,False,True,False,False,True,False,0.5372996083468239,0.8433914458128857,0.7986355100472927,-0.6018150231520484,-0.7489557207890021,0.6626200482157375,0.9896513868196702,-0.14349262199117918
2025-04-20,73,58,51.0,13,34,67,85,46,481,9304,4100,83.0,162,0.0,3.64,96,9.7,3.0,15.0,93.0,77.5,59.0,19.0,11.0,4.0,1008.5,1007.7,1007.5,2.2,6,1,0.316008316008316,0.1767151767151767,55.60000000000001,42,46.166666666666664,47.0,39.864042924941046,28.356000000000005,0.5862068965517241,4.276923076923078,274,False,False,True,True,False,False,False,0.34611705707749296,0.9381913359224842,0.5187732581605218,-0.8549118706729464,-0.7460573750616997,0.6658816660008341,0.9908658973868822,-0.13485093027372297
2025-04-21,77,56,77.0,13,32,50,172,52,612,5234,2756,83.0,137,0.0,0.0,32,11.4,9.0,14.0,100.0,90.4,77.0,15.0,7.2,4.0,1013.5,1009.6,1007.5,1.0,0,0,0.3627450980392157,0.2810457516339869,54.8,44,57.333333333333336,21.73333333333335,74.99333422198526,42.196000000000005,0.5714285714285714,4.2153846153846155,223,True,False,False,False,False,False,True,0.13917310096006544,0.9902680687415704,0.16074256560382594,-0.9869963665602319,-0.740218127486832,0.6723668074346681,0.992004949679715,-0.1261989691358298
2025-04-22,74,56,52.0,14,34,49,98,61,739,7879,3097,83.0,130,0.0,6.07,32,11.6,8.0,15.0,100.0,84.5,63.0,22.0,13.4,2.0,1018.5,1016.4,1013.5,0.0,1,0,0.1989174560216508,0.1326116373477672,51.5,44,57.666666666666664,35.0,64.99523841913313,26.78,0.6071428571428571,3.678571428571429,9,True,False,False,False,False,False,True,-0.7071067811865477,0.7071067811865474,0.49621650367520803,-0.8681988144891424,-0.7343225094356858,0.6788007455329415,0.9930684569549263,-0.1175373974578378
2025-04-23,79,61,57.0,12,35,80,95,64,617,9824,3174,83.0,169,5.01,0.0,59,11.9,7.0,15.0,100.0,83.7,63.0,15.0,9.0,2.0,1018.5,1015.0,1013.5,5.5,2,0,0.2836304700162074,0.1539708265802269,52.9,39,56.49999999999999,35.53333333333333,59.66391193980258,30.153,0.5737704918032787,4.408333333333333,104,True,False,False,False,False,False,True,-0.3542910379977158,0.9351352096860117,0.5336145159156117,-0.8457278217039732,-0.7283709698824004,0.6851829903263591,0.9940563382223196,-0.10886687485196461
2025-04-24,55,61,31.0,13,35,23,41,50,432,7468,2688,83.0,110,0.0,0.0,0,11.1,10.0,13.0,100.0,91.9,82.0,24.0,15.8,11.0,1021.5,1018.2,1015.5,2.5,3,0,0.1481481481481481,0.0949074074074074,47.5,39,56.833333333333336,17.400000000000006,84.82326341622372,14.725,0.5737704918032787,3.6538461538461537,191,True,False,False,False,True,False,False,0.02181488503456112,0.9997620270799091,0.9099612708765433,-0.4146932426562388,-0.7253743710122879,0.6883545756937537,0.9949685182509117,-0.10018806161207598
2025-04-25,78,58,63.0,12,36,75,74,37,409,11316,4109,82.0,167,8.01,9.68,238,10.4,8.0,13.0,93.0,79.4,63.0,17.0,12.6,6.0,1023.5,1022.8,1021.5,1.3,4,0,0.3643031784841076,0.1809290953545232,60.9,42,52.333333333333336,43.06666666666666,74.99333422198526,38.367,0.6206896551724138,5.075,138,True,False,False,False,True,False,False,-0.1993679344171965,0.9799247046208297,0.9988483864849507,-0.04797812852134401,-0.7193398003386517,0.6946583704589967,0.9958049275746618,-0.09150161866340217
2025-04-26,82,60,54.0,12,38,80,113,45,516,11464,3867,81.7,142,0.0,12.12,68,11.8,6.0,17.0,100.0,78.6,48.0,17.0,11.7,4.0,1023.5,1023.2,1022.5,2.1,5,1,0.374031007751938,0.2189922480620155,60.7,40,58.0,48.93333333333334,44.972734031209576,32.778,0.6333333333333333,5.058333333333334,204,True,False,False,True,False,False,False,0.09584575252022398,0.9953961983671789,0.6626200482157374,-0.7489557207890022,-0.713250449154182,0.7009092642998506,0.9965655024977614,-0.08280820751220423
2025-04-27,73,58,51.0,13,34,67,85,46,481,26573,4699,81.3,154,0.0,12.5,150,14.1,8.0,20.0,100.0,65.9,40.0,11.0,6.8,2.0,1027.5,1025.0,1023.5,0.0,6,1,0.316008316008316,0.1767151767151767,55.60000000000001,42,70.16666666666666,62.73333333333332,39.99722228651966,28.356000000000005,0.5862068965517241,4.276923076923078,104,True,False,False,True,False,False,False,-0.3296906452627871,0.9440890203927843,0.4422886902190013,-0.8968727415326883,-0.7101853756232854,0.7040147244559684,0.9972501850994857,-0.07410849019539922
2025-04-28,85,57,85.0,13,38,54,240,65,843,3201,2972,81.0,137,0.0,22.49,80,14.4,7.0,21.0,100.0,63.8,35.0,19.0,6.8,0.0,1028.5,1027.1,1026.5,0.0,0,0,0.3487544483985765,0.2846975088967972,55.9,43,70.66666666666666,67.46666666666667,29.961915122318388,47.515,0.6666666666666666,4.3,3,True,False,False,False,False,False,True,-0.6946583704589976,0.7193398003386509,0.18652403600873463,-0.9824503977255097,-0.7040147244559687,0.7101853756232851,0.9978589232386035,-0.06540312923014292
2025-04-29,83,56,56.0,13,39,34,93,56,482,16306,3896,81.6,188,10.01,6.82,174,15.2,8.0,21.0,100.0,68.8,40.0,17.0,8.8,2.0,1028.5,1027.0,1025.5,0.0,1,0,0.2634854771784232,0.1929460580912863,58.10000000000001,44,73.66666666666667,60.79999999999998,34.87448016842143,32.536,0.6964285714285714,4.46923076923077,109,True,False,False,True,False,False,False,-0.29237170472273627,0.9563047559630357,0.9600498543859287,-0.2798290140309919,-0.6977904598416802,0.7163019434246541,0.9983916705573488,-0.05669278756337747
2025-04-30,80,59,57.0,13,38,59,77,44,492,6440,3189,82.3,175,0.0,24.07,129,17.7,11.0,24.0,94.0,68.1,41.0,15.0,8.5,6.0,1025.5,1023.5,1021.5,0.0,2,0,0.2764227642276423,0.1565040650406504,60.2,41,87.83333333333333,64.6,34.98974439880017,34.31399999999999,0.6440677966101694,4.63076923076923,138,True,False,False,True,False,False,False,-0.16074256560382694,0.9869963665602318,0.8929789434111371,-0.4500984410374348,-0.6915130557822693,0.7223639620597557,0.9988483864849507,-0.04797812852134401
2025-05-01,75,59,61.0,12,40,54,48,39,423,12741,3950,82.3,149,5.67,29.52,231,19.5,11.0,27.0,100.0,63.1,30.0,19.0,7.8,0.0,1021.5,1018.3,1015.5,0.0,3,0,0.2411347517730496,0.1134751773049645,60.3,41,95.83333333333334,71.26666666666668,19.94793360984781,36.782999999999994,0.6779661016949152,5.0249999999999995,118,True,False,False,False,True,False,False,-0.24192189559966787,0.9702957262759965,0.9883615104677607,-0.1521233861899167,-0.688354575693754,0.7253743710122876,0.9992290362407229,-0.03925981575906855
2025-05-02,44,63,28.0,14,36,35,22,41,392,7531,3462,82.4,163,0.0,0.0,146,17.9,12.0,24.0,100.0,67.2,38.0,22.0,9.5,0.0,1015.5,1014.4,1013.5,0.0,4,0,0.1454081632653061,0.0561224489795918,46.099999999999994,37,89.83333333333333,63.20000000000002,39.99722228651966,12.907999999999998,0.5714285714285714,3.2928571428571423,283,False,False,True,False,True,False,False,0.4656145203251114,0.8849876374630419,0.760405965600031,-0.6494480483301835,-0.6819983600624984,0.7313537016191707,0.9995335908367129,-0.030538513209822697
2025-05-03,82,59,64.0,13,37,56,89,33,448,11128,4192,82.4,142,0.0,74.13,267,12.7,9.0,17.0,82.0,65.7,42.0,28.0,14.9,4.0,1015.5,1012.6,1010.5,0.0,5,1,0.3236607142857143,0.1986607142857142,64.0,41,64.5,73.53333333333335,59.9625175616648,40.96,0.6271186440677966,4.923076923076923,130,True,False,False,False,True,False,False,-0.17364817766693127,0.9848077530122079,0.9743700647852352,-0.2249510543438648,-0.6755902076156605,0.7372773368101239,0.9997620270799091,-0.021814885034561256
2025-05-04,46,62,22.0,15,34,84,28,47,448,3926,2753,82.5,131,0.0,0.0,29,10.1,6.0,13.0,87.0,67.1,51.0,28.0,19.3,9.0,1016.5,1014.9,1013.5,0.0,6,1,0.25,0.0625,44.5,38,48.50000000000001,63.26666666666668,64.82898920986204,9.79,0.5483870967741935,2.966666666666667,279,False,False,True,False,True,False,False,0.4617486132350339,0.8870108331782217,0.5519369853120583,-0.8338858220671681,-0.6723668074346678,0.7402181274868324,0.999914327574007,-0.013089595571344452
2025-05-05,86,58,84.0,13,35,69,105,48,606,23412,3611,82.5,165,8.02,0.0,110,9.5,4.0,15.0,93.0,63.6,38.0,31.0,16.6,0.0,1022.5,1018.9,1016.5,0.0,0,0,0.2871287128712871,0.1732673267326732,60.5,42,47.5,70.26666666666668,45.0,50.82,0.603448275862069,4.653846153846154,132,True,False,False,False,False,False,True,-0.15212338618991633,0.9883615104677608,0.6052939880428945,-0.7960020025346219,-0.6658816660008344,0.7460573750616993,0.9999904807207345,-0.00436330928474646
2025-05-06,82,58,49.0,13,34,57,113,61,508,9466,3366,82.6,133,0.0,14.63,94,9.5,4.0,13.0,87.0,72.2,58.0,22.0,14.5,6.0,1023.5,1022.7,1022.5,0.0,1,0,0.3346456692913386,0.2224409448818897,54.7,42,44.16666666666667,55.20000000000002,54.63114137061267,26.803,0.5862068965517241,4.207692307692308,191,True,False,False,True,False,False,False,0.11320321376790672,0.9935718556765875,0.7040147244559682,-0.7101853756232854,-0.6593458151000687,0.7518398074789775,0.9999904807207345,0.004363309284746804
2025-05-07,89,56,67.0,13,34,81,115,42,488,19131,4076,82.1,174,9.03,20.27,241,11.1,7.0,16.0,87.0,69.3,52.0,24.0,15.5,7.0,1023.5,1021.8,1020.5,0.0,2,0,0.4016393442622951,0.235655737704918,63.2,44,56.833333333333336,61.133333333333326,54.94077970788516,42.34400000000001,0.6071428571428571,4.861538461538462,160,True,False,False,True,False,False,False,-0.01745240643728445,0.9998476951563913,0.8410390129643925,-0.5409744713679938,-0.6560590289905074,0.7547095802227719,0.9999619230641713,0.008726535498373897
2025-05-08,75,60,50.0,13,33,61,50,34,407,13169,3931,82.4,157,6.58,30.75,254,13.1,8.0,19.0,93.0,63.7,34.0,22.0,13.3,9.0,1020.5,1019.3,1018.5,0.0,3,0,0.2727272727272727,0.1228501228501228,59.7,40,66.83333333333334,72.86666666666667,44.951536503428784,29.85,0.55,4.592307692307692,183,True,False,False,False,True,False,False,0.09150161866340238,0.9958049275746618,0.9469301294951057,-0.3214394653031616,-0.6494480483301842,0.7604059656000305,0.9998476951563913,0.017452406437283376
2025-05-09,72,62,42.0,14,34,37,78,46,420,7296,2618,82.1,119,0.0,0.0,2,14.3,8.0,19.0,81.0,53.5,37.0,24.0,15.8,7.0,1022.5,1021.3,1020.5,0.0,4,0,0.2738095238095238,0.1857142857142857,55.2,38,68.83333333333333,85.66666666666667,44.806401337353144,23.184,0.5483870967741935,3.942857142857143,177,True,False,False,False,True,False,False,0.07410849019539924,0.9972501850994857,0.8808907382053855,-0.4733196671848433,-0.6427876096865396,0.7660444431189778,0.9996573249755573,0.02617694830787314
2025-05-10,87,59,60.0,13,34,111,90,41,474,6898,2681,81.8,116,0.0,0.0,0,15.8,8.0,21.0,81.0,53.2,35.0,26.0,15.2,6.0,1022.5,1020.3,1017.5,0.0,5,1,0.4240506329113924,0.189873417721519,62.7,41,74.66666666666666,87.2,34.56810156098683,37.62,0.576271186440678,4.823076923076924,171,True,False,False,False,True,False,False,0.05233595624294383,0.9986295347545738,0.816641555161679,-0.5771451900372335,-0.6394390019805852,0.7688418320734591,0.9993908270190958,0.03489949670250108
2025-05-11,75,58,48.0,13,37,64,63,38,443,7742,2387,81.8,101,0.0,0.0,0,18.2,11.0,24.0,76.0,48.7,25.0,28.0,16.6,6.0,1017.5,1014.4,1011.5,0.0,6,1,0.2866817155756208,0.1422121896162528,59.7,42,88.66666666666667,99.8,34.87448016842143,28.656,0.6379310344827587,4.592307692307692,170,True,False,False,False,True,False,False,0.05669278756337751,0.9983916705573488,0.8681988144891423,-0.49621650367520825,-0.6327053285625163,0.7743926440821854,0.9992290362407229,0.039259815759068666
2025-05-12,81,60,44.0,13,35,86,76,39,447,8979,2698,81.9,116,0.0,0.0,0,19.0,13.0,24.0,67.0,46.9,31.0,24.0,18.4,11.0,1015.5,1013.4,1012.5,0.0,0,0,0.3624161073825503,0.1700223713646532,61.2,40,93.33333333333334,96.6,44.92429452713899,26.928,0.5833333333333334,4.707692307692308,195,True,False,False,False,True,False,False,0.17364817766693033,0.984807753012208,0.8457278217039732,-0.5336145159156115,-0.6259234721840596,0.7798844830928813,0.9988483864849507,0.04797812852134391
2025-05-13,72,61,37.0,13,34,77,44,36,394,4365,2707,81.9,145,0.0,0.0,33,17.3,12.0,22.0,67.0,45.5,31.0,28.0,19.9,15.0,1019.5,1018.3,1016.5,0.0,1,0,0.3071065989847715,0.1116751269035533,58.2,39,85.49999999999999,95.66666666666669,49.97000899460404,21.534,0.5573770491803278,4.476923076923077,289,False,False,True,False,True,False,False,0.5555702330196022,0.8314696123025452,0.7372773368101241,-0.6755902076156602,-0.6225146366376197,0.7826081568524138,0.9983916705573488,0.05669278756337759
2025-05-14,70,58,54.0,14,33,73,31,47,477,2629,2622,81.9,120,0.0,0.0,2,13.8,10.0,19.0,82.0,69.0,45.0,28.0,17.4,7.0,1020.5,1020.0,1019.5,0.0,2,0,0.2180293501048218,0.0649895178197065,53.8,42,71.33333333333333,69.33333333333334,54.8188830003802,29.052,0.5689655172413793,3.8428571428571425,254,False,False,True,False,True,False,False,0.4305110968082951,0.9025852843498606,0.5112930860770525,-0.8594064115014525,-0.6156614753256588,0.7880107536067215,0.9981347984218669,0.06104853953485691
2025-05-15,79,58,62.0,13,33,68,48,51,475,2447,2589,81.9,120,0.0,0.0,10,12.6,7.0,18.0,93.0,66.4,37.0,31.0,22.2,13.0,1024.5,1021.2,1019.5,0.0,3,0,0.2442105263157894,0.1010526315789473,56.2,42,62.666666666666664,69.06666666666666,44.99696978044453,34.843999999999994,0.5689655172413793,4.323076923076923,352,False,False,True,False,True,False,False,0.7688418320734596,0.6394390019805847,0.16074256560382594,-0.9869963665602319,-0.6122172800344494,0.7906895737438433,0.9975640502598242,0.06975647374412546
2025-05-16,90,55,65.0,13,34,92,123,44,574,7981,2586,82.0,109,0.0,0.0,0,10.6,6.0,14.0,100.0,80.0,63.0,26.0,15.8,6.0,1024.5,1022.5,1020.5,0.0,4,0,0.3745644599303135,0.2142857142857142,63.0,45,51.00000000000001,38.0,59.85028020023053,40.95,0.6181818181818182,4.846153846153846,305,False,False,True,True,False,False,False,0.6293203910498374,0.7771459614569709,-0.052335956242943564,-0.9986295347545738,-0.6052939880428949,0.7960020025346217,0.9972501850994857,0.07410849019539913
2025-05-17,88,55,56.0,13,34,92,123,56,536,9005,2966,82.0,145,0.0,0.0,51,12.7,9.0,17.0,100.0,77.9,55.0,26.0,16.1,6.0,1020.5,1019.0,1018.5,0.0,5,1,0.4011194029850746,0.2294776119402985,58.60000000000001,45,64.5,44.73333333333332,59.9625175616648,32.816,0.6181818181818182,4.5076923076923086,220,True,False,False,True,False,False,False,0.3090169943749474,0.9510565162951535,0.41865973753742797,-0.9081431738250814,-0.6018150231520483,0.7986355100472928,0.9965655024977614,0.08280820751220458
2025-05-18,87,55,55.0,13,34,71,97,41,468,6733,2649,82.0,116,0.0,0.0,0,13.9,11.0,18.0,88.0,72.9,55.0,26.0,15.6,9.0,1019.5,1017.9,1017.5,0.0,6,1,0.358974358974359,0.2072649572649572,62.7,45,71.5,56.06666666666666,64.82898920986204,34.485,0.6181818181818182,4.823076923076924,232,True,False,False,False,True,False,False,0.36650122672429725,0.9304175679820246,0.6626200482157374,-0.7489557207890022,-0.594822786751341,0.8038568606172175,0.9961946980917455,0.08715574274765814
2025-05-19,89,52,69.0,12,36,71,141,44,519,13199,3040,81.7,151,8.5,0.0,112,15.1,8.0,20.0,100.0,66.4,40.0,24.0,13.1,4.0,1021.5,1020.2,1019.5,0.0,0,0,0.4084778420038535,0.2716763005780346,63.2,48,71.83333333333334,62.400000000000006,39.66482507414656,43.608,0.6923076923076923,5.266666666666667,130,True,False,False,True,False,False,False,-0.06540312923014367,0.9978589232386035,0.7906895737438435,-0.6122172800344491,-0.5913096483635824,0.8064446042674825,0.9953961983671787,0.09584575252022408
2025-05-20,94,53,70.0,12,38,84,132,40,542,9078,3209,81.4,131,0.0,14.81,89,14.9,9.0,20.0,94.0,66.9,35.0,26.0,14.1,6.0,1020.5,1019.1,1018.5,0.0,1,0,0.3985239852398524,0.2435424354243542,67.0,47,73.16666666666666,69.4,44.951536503428784,46.9,0.7169811320754716,5.583333333333333,92,True,False,False,True,False,False,False,-0.2206974350215017,0.9753423205085126,0.8290375725550417,-0.5591929034707467,-0.5842496656374341,0.8115739819650125,0.9949685182509117,0.10018806161207654
