Date,Sleep score,Resting heart rate,Body Battery,Breaths per minute (during sleep),HRV-status,Deep sleep (mins),REM sleep (mins),Restless moments,Duration (mins),Bed-time,Wakeup-time,Steps,Calories,Weight (in kilograms),Max HR,Run (kms),Ride (kms),Minutes intense exercise,AvgTemp_C,MinTemp_C,MaxTemp_C,Sunrise,Sunset,Humidity_Max,Humidity_Avg,Humidity_Min,WindSpeed_Max,WindSpeed_Avg,WindSpeed_Min,Pressure_Max,Pressure_Avg,Pressure_Min,Precipitation_mm,Year,Month,Day,DayOfWeek,DayOfYear,WeekOfYear,IsWeekend,Season,Sleep_Efficiency,Deep_Sleep_Ratio,REM_Sleep_Ratio,Sleep_Quality_Score,Sleep_Duration_Category,HR_Recovery_Score,Temp_Comfort_Index,Humidity_Comfort_Index,Weather_Stability,Sleep_Battery_Interaction,HRV_HR_Ratio,Breathing_Sleep_Quality
2025-05-20,94,53,70.0,12,38,84,132,40,542,11:09 PM,8:16 AM,9078,3209,81.4,131,0.0,14.81,89,14.9,9.0,20.0,05:37,21:37,94.0,66.9,35.0,26.0,14.1,6.0,1020.5,1019.1,1018.5,0.0,2025,5,20,1,140,21,0,Spring,0.3985239852398524,0.15498154981549817,0.24354243542435425,67.0,Long,47,73.16666666666666,69.4,44.951536503428784,46.9,0.7169811320754716,5.583333333333333
2025-05-19,89,52,69.0,12,36,71,141,44,519,11:45 PM,8:31 AM,13199,3040,81.7,151,8.5,0.0,112,15.1,8.0,20.0,05:38,21:35,100.0,66.4,40.0,24.0,13.1,4.0,1021.5,1020.2,1019.5,0.0,2025,5,19,0,139,21,0,Spring,0.40847784200385356,0.13680154142581888,0.27167630057803466,63.2,Long,48,71.83333333333334,62.400000000000006,39.66482507414656,43.608000000000004,0.6923076923076923,5.266666666666667
2025-05-18,87,55,55.0,13,34,71,97,41,468,1:26 AM,9:14 AM,6733,2649,82.0,116,0.0,0.0,0,13.9,11.0,18.0,05:40,21:34,88.0,72.9,55.0,26.0,15.6,9.0,1019.5,1017.9,1017.5,0.0,2025,5,18,6,138,20,1,Spring,0.358974358974359,0.1517094017094017,0.20726495726495728,62.7,Normal,45,71.5,56.06666666666666,64.82898920986204,34.485,0.6181818181818182,4.823076923076924
2025-05-17,88,55,56.0,13,34,92,123,56,536,1:12 AM,10:21 AM,9005,2966,82.0,145,0.0,0.0,51,12.7,9.0,17.0,05:41,21:32,100.0,77.9,55.0,26.0,16.1,6.0,1020.5,1019.0,1018.5,0.0,2025,5,17,5,137,20,1,Spring,0.40111940298507465,0.17164179104477612,0.2294776119402985,58.60000000000001,Long,45,64.5,44.73333333333332,59.9625175616648,32.816,0.6181818181818182,4.5076923076923086
2025-05-16,90,55,65.0,13,34,92,123,44,574,2:36 AM,12:12 PM,7981,2586,82.0,109,0.0,0.0,0,10.6,6.0,14.0,05:43,21:31,100.0,80.0,63.0,26.0,15.8,6.0,1024.5,1022.5,1020.5,0.0,2025,5,16,4,136,20,0,Spring,0.37456445993031356,0.1602787456445993,0.21428571428571427,63.0,Long,45,51.00000000000001,38.0,59.85028020023053,40.95,0.6181818181818182,4.846153846153846
2025-05-15,79,58,62.0,13,33,68,48,51,475,3:21 AM,11:23 AM,2447,2589,81.9,120,0.0,0.0,10,12.6,7.0,18.0,05:44,21:29,93.0,66.4,37.0,31.0,22.2,13.0,1024.5,1021.2,1019.5,0.0,2025,5,15,3,135,20,0,Spring,0.24421052631578946,0.1431578947368421,0.10105263157894737,56.199999999999996,Normal,42,62.666666666666664,69.06666666666666,44.99696978044453,34.843999999999994,0.5689655172413793,4.323076923076923
2025-05-14,70,58,54.0,14,33,73,31,47,477,1:42 AM,9:57 AM,2629,2622,81.9,120,0.0,0.0,2,13.8,10.0,19.0,05:46,21:28,82.0,69.0,45.0,28.0,17.4,7.0,1020.5,1020.0,1019.5,0.0,2025,5,14,2,134,20,0,Spring,0.2180293501048218,0.1530398322851153,0.0649895178197065,53.8,Normal,42,71.33333333333333,69.33333333333334,54.8188830003802,29.052,0.5689655172413793,3.8428571428571425
2025-05-13,72,61,37.0,13,34,77,44,36,394,2:15 AM,8:50 AM,4365,2707,81.9,145,0.0,0.0,33,17.3,12.0,22.0,05:47,21:26,67.0,45.5,31.0,28.0,19.9,15.0,1019.5,1018.3,1016.5,0.0,2025,5,13,1,133,20,0,Spring,0.30710659898477155,0.19543147208121828,0.1116751269035533,58.2,Normal,39,85.49999999999999,95.66666666666667,49.97000899460404,21.534000000000002,0.5573770491803278,4.476923076923077
2025-05-12,81,60,44.0,13,35,86,76,39,447,12:40 AM,8:09 AM,8979,2698,81.9,116,0.0,0.0,0,19.0,13.0,24.0,05:49,21:25,67.0,46.9,31.0,24.0,18.4,11.0,1015.5,1013.4,1012.5,0.0,2025,5,12,0,132,20,0,Spring,0.3624161073825503,0.19239373601789708,0.17002237136465326,61.2,Normal,40,93.33333333333334,96.60000000000001,44.92429452713899,26.928,0.5833333333333334,4.707692307692308
2025-05-11,75,58,48.0,13,37,64,63,38,443,12:13 AM,7:59 AM,7742,2387,81.8,101,0.0,0.0,0,18.2,11.0,24.0,05:51,21:23,76.0,48.7,25.0,28.0,16.6,6.0,1017.5,1014.4,1011.5,0.0,2025,5,11,6,131,19,1,Spring,0.2866817155756208,0.14446952595936793,0.14221218961625282,59.699999999999996,Normal,42,88.66666666666667,99.8,34.87448016842143,28.656,0.6379310344827587,4.592307692307692
2025-05-10,87,59,60.0,13,34,111,90,41,474,12:12 AM,8:21 AM,6898,2681,81.8,116,0.0,0.0,0,15.8,8.0,21.0,05:52,21:21,81.0,53.2,35.0,26.0,15.2,6.0,1022.5,1020.3,1017.5,0.0,2025,5,10,5,130,19,1,Spring,0.4240506329113924,0.23417721518987342,0.189873417721519,62.7,Normal,41,74.66666666666666,87.2,34.56810156098683,37.62,0.576271186440678,4.823076923076924
2025-05-09,72,62,42.0,14,34,37,78,46,420,12:17 AM,7:53 AM,7296,2618,82.1,119,0.0,0.0,2,14.3,8.0,19.0,05:54,21:20,81.0,53.5,37.0,24.0,15.8,7.0,1022.5,1021.3,1020.5,0.0,2025,5,9,4,129,19,0,Spring,0.27380952380952384,0.0880952380952381,0.18571428571428572,55.2,Normal,38,68.83333333333333,85.66666666666667,44.806401337353144,23.184,0.5483870967741935,3.942857142857143
2025-05-08,75,60,50.0,13,33,61,50,34,407,12:21 AM,7:15 AM,13169,3931,82.4,157,6.58,30.75,254,13.1,8.0,19.0,05:56,21:18,93.0,63.7,34.0,22.0,13.3,9.0,1020.5,1019.3,1018.5,0.0,2025,5,8,3,128,19,0,Spring,0.2727272727272727,0.14987714987714987,0.12285012285012285,59.699999999999996,Normal,40,66.83333333333334,72.86666666666667,44.951536503428784,29.85,0.55,4.592307692307692
2025-05-07,89,56,67.0,13,34,81,115,42,488,11:56 PM,8:11 AM,19131,4076,82.1,174,9.03,20.27,241,11.1,7.0,16.0,05:58,21:16,87.0,69.3,52.0,24.0,15.5,7.0,1023.5,1021.8,1020.5,0.0,2025,5,7,2,127,19,0,Spring,0.4016393442622951,0.16598360655737704,0.23565573770491804,63.2,Long,44,56.833333333333336,61.133333333333326,54.94077970788516,42.34400000000001,0.6071428571428571,4.861538461538462
2025-05-06,82,58,49.0,13,34,57,113,61,508,12:26 AM,9:01 AM,9466,3366,82.6,133,0.0,14.63,94,9.5,4.0,13.0,05:59,21:15,87.0,72.2,58.0,22.0,14.5,6.0,1023.5,1022.7,1022.5,0.0,2025,5,6,1,126,19,0,Spring,0.3346456692913386,0.11220472440944881,0.22244094488188976,54.7,Long,42,44.16666666666667,55.20000000000002,54.63114137061267,26.803,0.5862068965517241,4.207692307692308
2025-05-05,86,58,84.0,13,35,69,105,48,606,11:25 PM,9:31 AM,23412,3611,82.5,165,8.02,0.0,110,9.5,4.0,15.0,06:01,21:13,93.0,63.6,38.0,31.0,16.6,0.0,1022.5,1018.9,1016.5,0.0,2025,5,5,0,125,19,0,Spring,0.2871287128712871,0.11386138613861387,0.17326732673267325,60.5,Very_Long,42,47.5,70.26666666666668,45.0,50.82,0.603448275862069,4.653846153846154
2025-05-04,46,62,22.0,15,34,84,28,47,448,1:50 AM,9:46 AM,3926,2753,82.5,131,0.0,0.0,29,10.1,6.0,13.0,06:03,21:11,87.0,67.1,51.0,28.0,19.3,9.0,1016.5,1014.9,1013.5,0.0,2025,5,4,6,124,18,1,Spring,0.25,0.1875,0.0625,44.5,Normal,38,48.50000000000001,63.26666666666668,64.82898920986204,9.79,0.5483870967741935,2.966666666666667
2025-05-03,82,59,64.0,13,37,56,89,33,448,11:20 PM,6:52 AM,11128,4192,82.4,142,0.0,74.13,267,12.7,9.0,17.0,06:05,21:10,82.0,65.7,42.0,28.0,14.9,4.0,1015.5,1012.6,1010.5,0.0,2025,5,3,5,123,18,1,Spring,0.3236607142857143,0.125,0.19866071428571427,64.0,Normal,41,64.5,73.53333333333335,59.9625175616648,40.96,0.6271186440677966,4.923076923076923
2025-05-02,44,63,28.0,14,36,35,22,41,392,1:51 AM,8:42 AM,7531,3462,82.4,163,0.0,0.0,146,17.9,12.0,24.0,06:07,21:08,100.0,67.2,38.0,22.0,9.5,0.0,1015.5,1014.4,1013.5,0.0,2025,5,2,4,122,18,0,Spring,0.14540816326530612,0.08928571428571429,0.05612244897959184,46.099999999999994,Normal,37,89.83333333333333,63.20000000000002,39.99722228651966,12.907999999999998,0.5714285714285714,3.2928571428571423
2025-05-01,75,59,61.0,12,40,54,48,39,423,11:04 PM,6:35 AM,12741,3950,82.3,149,5.67,29.52,231,19.5,11.0,27.0,06:09,21:06,100.0,63.1,30.0,19.0,7.8,0.0,1021.5,1018.3,1015.5,0.0,2025,5,1,3,121,18,0,Spring,0.24113475177304963,0.1276595744680851,0.11347517730496454,60.3,Normal,41,95.83333333333334,71.26666666666668,19.94793360984781,36.782999999999994,0.6779661016949152,5.0249999999999995
2025-04-30,80,59,57.0,13,38,59,77,44,492,11:23 PM,7:47 AM,6440,3189,82.3,175,0.0,24.07,129,17.7,11.0,24.0,06:11,21:05,94.0,68.1,41.0,15.0,8.5,6.0,1025.5,1023.5,1021.5,0.0,2025,4,30,2,120,18,0,Spring,0.2764227642276423,0.11991869918699187,0.1565040650406504,60.199999999999996,Long,41,87.83333333333333,64.6,34.98974439880017,34.31399999999999,0.6440677966101694,4.63076923076923
2025-04-29,83,56,56.0,13,39,34,93,56,482,10:52 PM,7:05 AM,16306,3896,81.6,188,10.01,6.82,174,15.2,8.0,21.0,06:13,21:03,100.0,68.8,40.0,17.0,8.8,2.0,1028.5,1027.0,1025.5,0.0,2025,4,29,1,119,18,0,Spring,0.26348547717842324,0.07053941908713693,0.19294605809128632,58.10000000000001,Long,44,73.66666666666667,60.79999999999998,34.87448016842143,32.536,0.6964285714285714,4.46923076923077
2025-04-28,85,57,85.0,13,38,54,240,65,843,9:04 PM,11:17 AM,3201,2972,81.0,137,0.0,22.49,80,14.4,7.0,21.0,06:15,21:01,100.0,63.8,35.0,19.0,6.8,0.0,1028.5,1027.1,1026.5,0.0,2025,4,28,0,118,18,0,Spring,0.3487544483985765,0.06405693950177936,0.2846975088967972,55.9,Very_Long,43,70.66666666666666,67.46666666666667,29.961915122318388,47.515,0.6666666666666666,4.3
2025-04-27,73,58,51.0,13,34,67,85,46,481,10:43 PM,10:15 AM,26573,4699,81.3,154,0.0,12.5,150,14.1,8.0,20.0,06:17,20:59,100.0,65.9,40.0,11.0,6.8,2.0,1027.5,1025.0,1023.5,0.0,2025,4,27,6,117,17,1,Spring,0.316008316008316,0.1392931392931393,0.17671517671517672,55.60000000000001,Long,42,70.16666666666666,62.73333333333332,39.99722228651966,28.356000000000005,0.5862068965517241,4.276923076923078
2025-04-26,82,60,54.0,12,38,80,113,45,516,12:22 AM,9:14 AM,11464,3867,81.7,142,0.0,12.12,68,11.8,6.0,17.0,06:19,20:58,100.0,78.6,48.0,17.0,11.7,4.0,1023.5,1023.2,1022.5,2.1,2025,4,26,5,116,17,1,Spring,0.374031007751938,0.15503875968992248,0.2189922480620155,60.7,Long,40,58.0,48.93333333333334,44.972734031209576,32.778,0.6333333333333333,5.058333333333334
2025-04-25,78,58,63.0,12,36,75,74,37,409,11:14 PM,6:11 AM,11316,4109,82.0,167,8.01,9.68,238,10.4,8.0,13.0,06:21,20:56,93.0,79.4,63.0,17.0,12.6,6.0,1023.5,1022.8,1021.5,1.3,2025,4,25,4,115,17,0,Spring,0.3643031784841076,0.18337408312958436,0.18092909535452323,60.9,Normal,42,52.333333333333336,43.06666666666666,74.99333422198526,38.367,0.6206896551724138,5.075
2025-04-24,55,61,31.0,13,35,23,41,50,432,12:05 AM,7:38 AM,7468,2688,83.0,110,0.0,0.0,0,11.1,10.0,13.0,06:23,20:54,100.0,91.9,82.0,24.0,15.8,11.0,1021.5,1018.2,1015.5,2.5,2025,4,24,3,114,17,0,Spring,0.14814814814814814,0.05324074074074074,0.09490740740740741,47.5,Normal,39,56.833333333333336,17.400000000000006,84.82326341622372,14.725,0.5737704918032787,3.6538461538461537
2025-04-23,79,61,57.0,12,35,80,95,64,617,10:37 PM,9:51 AM,9824,3174,83.0,169,5.01,0.0,59,11.9,7.0,15.0,06:25,20:53,100.0,83.7,63.0,15.0,9.0,2.0,1018.5,1015.0,1013.5,5.5,2025,4,23,2,113,17,0,Spring,0.28363047001620745,0.12965964343598055,0.1539708265802269,52.9,Very_Long,39,56.49999999999999,35.53333333333333,59.66391193980258,30.153,0.5737704918032787,4.408333333333333
2025-04-22,74,56,52.0,14,34,49,98,61,739,9:00 PM,10:01 AM,7879,3097,83.0,130,0.0,6.07,32,11.6,8.0,15.0,06:27,20:51,100.0,84.5,63.0,22.0,13.4,2.0,1018.5,1016.4,1013.5,0.0,2025,4,22,1,112,17,0,Spring,0.19891745602165087,0.06630581867388363,0.13261163734776726,51.5,Very_Long,44,57.666666666666664,35.0,64.99523841913313,26.78,0.6071428571428571,3.6785714285714284
2025-04-21,77,56,77.0,13,32,50,172,52,612,12:32 AM,11:23 AM,5234,2756,83.0,137,0.0,0.0,32,11.4,9.0,14.0,06:29,20:49,100.0,90.4,77.0,15.0,7.2,4.0,1013.5,1009.6,1007.5,1.0,2025,4,21,0,111,17,0,Spring,0.3627450980392157,0.08169934640522876,0.28104575163398693,54.800000000000004,Very_Long,44,57.333333333333336,21.73333333333335,74.99333422198526,42.196000000000005,0.5714285714285714,4.2153846153846155
2025-04-20,73,58,51.0,13,34,67,85,46,481,1:21 AM,9:55 AM,9304,4100,83.0,162,0.0,3.64,96,9.7,3.0,15.0,06:31,20:47,93.0,77.5,59.0,19.0,11.0,4.0,1008.5,1007.7,1007.5,2.2,2025,4,20,6,110,16,1,Spring,0.316008316008316,0.1392931392931393,0.17671517671517672,55.60000000000001,Long,42,46.166666666666664,47.0,39.864042924941046,28.356000000000005,0.5862068965517241,4.276923076923078
2025-04-19,39,63,26.0,13,31,42,0,38,358,2:10 AM,8:28 AM,45992,6087,84.0,143,0.0,4.01,145,9.5,5.0,14.0,06:33,20:46,93.0,73.0,54.0,20.0,14.2,6.0,1013.5,1010.8,1008.5,0.0,2025,4,19,5,109,16,1,Spring,0.11731843575418995,0.11731843575418995,0.0,43.5,Short,37,47.5,53.33333333333334,55.0,11.31,0.49206349206349204,3.3461538461538463
2025-04-18,86,58,55.0,13,32,93,99,54,486,1:33 AM,9:39 AM,7544,3398,84.0,146,0.0,9.48,148,10.4,7.0,16.0,06:36,20:44,93.0,74.1,45.0,19.0,9.4,4.0,1016.5,1014.5,1013.5,0.0,2025,4,18,4,108,16,0,Spring,0.3950617283950617,0.19135802469135801,0.2037037037037037,57.8,Long,42,55.666666666666664,58.599999999999994,54.55406142092197,31.79,0.5517241379310345,4.446153846153846
2025-04-17,87,58,51.0,13,32,79,120,45,515,11:46 PM,8:22 AM,13531,3179,84.0,158,6.49,0.0,104,10.5,8.0,13.0,06:38,20:42,87.0,71.8,54.0,15.0,8.8,2.0,1014.5,1012.9,1011.5,0.0,2025,4,17,3,107,16,0,Spring,0.3864077669902913,0.1533980582524272,0.23300970873786409,60.900000000000006,Long,42,52.5,58.133333333333326,75.0,31.059,0.5517241379310345,4.684615384615385
2025-04-16,81,57,62.0,13,32,59,80,51,482,1:06 AM,9:16 AM,8701,4380,83.0,144,0.0,54.09,288,10.8,9.0,12.0,06:40,20:40,100.0,76.7,62.0,20.0,11.4,2.0,1012.5,1007.3,1000.5,0.0,2025,4,16,2,106,16,0,Spring,0.2883817427385892,0.12240663900414937,0.16597510373443983,56.699999999999996,Long,43,53.0,40.866666666666674,84.9003311294585,35.153999999999996,0.5614035087719298,4.361538461538461
2025-04-15,60,63,41.0,14,32,81,89,42,534,12:59 AM,10:04 AM,6371,2741,83.0,134,0.0,4.01,34,14.5,10.0,21.0,06:42,20:39,100.0,73.5,56.0,33.0,17.2,4.0,1003.5,998.9,996.5,1.5,2025,4,15,1,105,16,0,Spring,0.31835205992509363,0.15168539325842698,0.16666666666666666,51.0,Long,37,75.83333333333333,47.0,44.6977999232098,20.91,0.5079365079365079,3.642857142857143
2025-04-14,44,62,36.0,13,32,80,21,49,391,12:45 AM,7:17 AM,15754,3804,82.5,156,7.98,12.29,138,12.6,9.0,16.0,06:44,20:37,94.0,70.1,48.0,20.0,14.7,7.0,1009.5,1007.5,1003.5,0.0,2025,4,14,0,104,16,0,Spring,0.25831202046035806,0.20460358056265984,0.05370843989769821,42.5,Normal,38,62.666666666666664,58.599999999999994,64.99523841913313,15.3,0.5161290322580645,3.269230769230769
2025-04-13,60,63,38.0,13,33,56,39,46,443,3:08 AM,10:47 AM,11154,2779,82.0,119,0.0,0.0,24,13.9,11.0,17.0,06:47,20:35,94.0,72.5,48.0,33.0,22.3,17.0,1007.5,1000.2,998.5,0.0,2025,4,13,6,103,15,1,Spring,0.2144469525959368,0.12641083521444696,0.08803611738148984,50.1,Normal,37,69.83333333333334,57.0,69.9944449587525,19.038,0.5238095238095238,3.853846153846154
2025-04-12,72,60,46.0,13,34,39,48,43,408,1:08 AM,8:21 AM,11587,3238,82.0,174,3.01,0.0,40,15.0,6.0,23.0,06:49,20:33,100.0,63.0,33.0,26.0,14.8,0.0,1018.5,1010.4,1001.5,3.8,2025,4,12,5,102,15,1,Spring,0.21323529411764705,0.09558823529411764,0.11764705882352941,56.099999999999994,Normal,40,73.33333333333333,69.33333333333334,14.950994518846159,25.805999999999997,0.5666666666666667,4.315384615384615
2025-04-11,87,59,56.0,13,34,84,120,56,534,11:04 PM,8:10 AM,9012,3586,82.0,152,0.0,8.12,155,9.9,3.0,16.0,06:51,20:32,100.0,80.1,59.0,22.0,11.7,4.0,1026.5,1022.2,1018.5,0.0,2025,4,11,4,101,15,0,Spring,0.38202247191011235,0.15730337078651685,0.2247191011235955,58.2,Long,41,48.166666666666664,40.599999999999994,34.95898729775702,32.592000000000006,0.576271186440678,4.476923076923077
2025-04-10,84,59,52.0,13,34,69,88,40,484,11:57 PM,8:04 AM,12419,4187,82.0,164,5.03,24.25,240,9.1,4.0,13.0,06:53,20:30,93.0,75.3,63.0,26.0,15.7,7.0,1029.5,1027.4,1025.5,0.0,2025,4,10,3,100,15,0,Spring,0.3243801652892562,0.14256198347107438,0.18181818181818182,61.8,Long,41,43.50000000000001,45.79999999999998,54.86686361441297,32.135999999999996,0.576271186440678,4.753846153846154
2025-04-09,81,58,52.0,12,34,46,85,33,460,12:06 AM,8:01 AM,9648,3517,81.0,141,0.0,15.18,130,8.0,5.0,11.0,06:56,20:28,87.0,74.8,62.0,26.0,15.7,7.0,1029.5,1027.4,1025.5,0.0,2025,4,9,2,99,15,0,Spring,0.2847826086956522,0.1,0.18478260869565216,62.7,Normal,42,40.0,50.79999999999998,70.0,32.604,0.5862068965517241,5.2250000000000005
2025-04-08,79,57,45.0,13,34,66,92,42,452,12:06 AM,8:01 AM,9640,3644,82.0,138,0.0,19.45,144,8.7,4.0,14.0,06:58,20:27,87.0,63.8,41.0,20.0,14.5,6.0,1029.5,1027.9,1026.5,0.0,2025,4,8,1,98,15,0,Spring,0.3495575221238938,0.14601769911504425,0.20353982300884957,59.2,Normal,43,44.5,72.13333333333333,49.97000899460404,26.64,0.5964912280701754,4.553846153846154
2025-04-07,87,56,58.0,13,37,55,130,48,487,11:47 PM,8:01 AM,16891,3450,82.2,149,5.05,0.0,90,8.0,2.0,13.0,07:00,20:25,81.0,58.5,38.0,22.0,13.2,4.0,1027.5,1026.9,1026.5,0.0,2025,4,7,0,97,15,0,Spring,0.3798767967145791,0.11293634496919917,0.2669404517453799,61.50000000000001,Long,44,38.33333333333334,81.66666666666667,44.92429452713898,35.67,0.6607142857142857,4.730769230769232
2025-04-06,86,58,61.0,12,35,67,102,47,510,11:52 PM,8:30 AM,11351,2831,82.4,117,0.0,0.0,46,8.3,4.0,12.0,07:03,20:23,71.0,48.3,33.0,26.0,22.0,13.0,1027.5,1025.3,1022.5,0.0,2025,4,6,6,96,14,1,Spring,0.33137254901960783,0.13137254901960785,0.2,60.8,Long,42,40.5,98.46666666666665,59.9625175616648,37.087999999999994,0.603448275862069,5.066666666666666
2025-04-05,73,59,48.0,13,35,65,56,65,464,12:33 AM,8:51 AM,11752,2857,82.6,127,0.0,0.0,65,10.4,7.0,15.0,07:05,20:21,100.0,64.8,39.0,31.0,23.0,11.0,1022.5,1020.5,1019.5,0.0,2025,4,5,5,95,14,1,Spring,0.2607758620689655,0.1400862068965517,0.1206896551724138,50.2,Normal,41,53.99999999999999,64.13333333333333,59.85028020023054,24.096000000000004,0.5932203389830508,3.8615384615384616
2025-04-04,83,58,50.0,12,34,63,178,40,560,11:55 PM,9:31 AM,13598,3797,82.8,155,5.03,15.85,185,14.1,6.0,20.0,07:07,20:20,81.0,56.0,37.0,26.0,15.9,4.0,1022.5,1020.8,1018.5,0.0,2025,4,4,4,94,14,0,Spring,0.4303571428571429,0.1125,0.31785714285714284,61.400000000000006,Long,42,66.83333333333334,84.0,29.71249518347281,30.700000000000003,0.5862068965517241,5.116666666666667
2025-04-03,82,59,49.0,13,32,52,117,46,541,11:53 PM,9:00 AM,10327,3825,82.8,146,0.0,12.21,197,14.5,9.0,20.0,07:09,20:18,71.0,52.1,33.0,30.0,19.7,11.0,1024.5,1022.9,1021.5,0.0,2025,4,3,3,93,14,0,Spring,0.3123844731977819,0.09611829944547134,0.21626617375231053,58.6,Long,41,72.5,95.93333333333334,45.0,28.714000000000002,0.5423728813559322,4.507692307692308
2025-04-02,88,55,61.0,12,31,104,174,46,579,11:19 PM,9:14 AM,10498,3654,82.9,140,0.0,18.45,142,11.6,6.0,17.0,07:12,20:16,76.0,58.7,39.0,33.0,22.4,13.0,1027.5,1024.7,1021.5,0.0,2025,4,2,2,92,14,0,Spring,0.48013816925734026,0.17962003454231434,0.3005181347150259,60.7,Long,45,57.666666666666664,84.2,44.99696978044453,37.027,0.5636363636363636,5.058333333333334
2025-04-01,94,55,59.0,13,30,78,139,55,523,12:01 AM,9:01 AM,9430,3241,82.9,130,0.0,12.4,104,8.7,4.0,14.0,07:14,20:14,100.0,71.3,38.0,28.0,17.3,7.0,1030.5,1028.5,1026.5,0.0,2025,4,1,1,91,14,0,Spring,0.4149139579349904,0.1491395793499044,0.26577437858508607,60.1,Long,45,44.5,60.46666666666667,49.97000899460404,35.459,0.5454545454545454,4.6230769230769235
2025-03-31,66,58,54.0,13,29,94,119,53,558,12:58 AM,10:16 AM,9902,2849,82.9,141,0.0,8.02,42,8.5,5.0,12.0,07:16,20:13,87.0,72.3,51.0,22.0,16.2,9.0,1030.5,1027.1,1022.5,0.0,2025,3,31,0,90,14,0,Spring,0.3817204301075269,0.16845878136200718,0.2132616487455197,49.2,Long,42,42.5,59.79999999999998,65.0,26.568,0.5,3.784615384615385
2025-03-30,78,63,67.0,13,30,32,115,63,597,2:13 AM,12:11 PM,10304,4038,82.9,137,0.0,0.0,129,8.0,8.0,8.0,07:19,20:11,81.0,74.8,71.0,31.0,30.0,28.0,1016.5,1016.0,1015.5,0.0,2025,3,30,6,89,13,1,Spring,0.24623115577889448,0.05360134003350084,0.19262981574539365,51.300000000000004,Long,37,40.0,48.79999999999998,100.0,34.371,0.47619047619047616,3.9461538461538463
2025-03-29,25,63,8.0,13,29,22,0,28,186,4:53 AM,7:59 AM,23964,3605,83.0,130,0.0,0.0,3,6.8,1.0,11.0,06:21,19:09,100.0,82.3,66.0,26.0,14.1,2.0,1021.5,1018.9,1014.5,0.0,2025,3,29,5,88,13,1,Spring,0.11827956989247312,0.11827956989247312,0.0,40.3,Short,37,31.33333333333333,34.46666666666667,49.78711984626521,3.2239999999999998,0.4603174603174603,3.0999999999999996
2025-03-28,48,63,35.0,13,31,64,41,54,462,1:03 AM,8:59 AM,16839,3855,83.0,159,2.02,0.0,78,7.3,3.0,11.0,06:23,19:07,100.0,88.5,71.0,28.0,14.8,6.0,1015.5,1012.5,1010.5,0.0,2025,3,28,4,87,13,0,Spring,0.22727272727272727,0.13852813852813853,0.08874458874458875,42.3,Normal,37,35.5,27.0,59.9625175616648,14.805,0.49206349206349204,3.253846153846154
2025-03-27,42,57,25.0,13,31,85,19,33,323,2:06 AM,7:44 AM,8907,3162,83.0,118,0.0,0.0,14,8.0,1.0,15.0,06:26,19:06,100.0,78.6,51.0,13.0,7.8,0.0,1024.5,1021.0,1016.5,0.0,2025,3,27,3,86,13,0,Spring,0.3219814241486068,0.2631578947368421,0.058823529411764705,46.199999999999996,Short,43,40.0,46.93333333333334,30.0,11.55,0.543859649122807,3.5538461538461537
2025-03-26,44,61,31.0,13,31,51,24,42,378,12:58 AM,7:39 AM,7703,3456,82.6,135,0.0,19.69,107,8.3,4.0,12.0,06:28,19:04,100.0,82.7,67.0,19.0,10.7,0.0,1025.5,1024.5,1022.5,0.0,2025,3,26,2,85,13,0,Spring,0.1984126984126984,0.1349206349206349,0.06349206349206349,44.3,Normal,39,40.5,33.53333333333333,59.9625175616648,13.732999999999999,0.5081967213114754,3.4076923076923076
2025-03-25,70,58,44.0,12,33,59,43,42,399,1:42 AM,9:01 AM,11169,3434,82.2,159,3.0,15.0,128,8.1,5.0,11.0,06:30,19:02,100.0,84.1,71.0,22.0,14.8,9.0,1022.5,1020.6,1019.5,0.0,2025,3,25,1,84,13,0,Spring,0.2556390977443609,0.14786967418546365,0.10776942355889724,55.3,Normal,42,40.166666666666664,29.933333333333337,69.9944449587525,24.331999999999997,0.5689655172413793,4.608333333333333
2025-03-24,89,54,87.0,13,33,98,122,70,688,9:55 PM,9:31 AM,7557,3210,82.0,139,0.0,20.07,128,8.7,6.0,13.0,06:33,19:00,100.0,86.2,67.0,22.0,13.7,6.0,1020.5,1015.2,1009.5,0.0,2025,3,24,0,83,13,0,Spring,0.31976744186046513,0.14244186046511628,0.17732558139534885,54.5,Very_Long,46,46.166666666666664,31.200000000000017,64.69655352046584,47.415,0.6111111111111112,4.1923076923076925
2025-03-23,44,63,25.0,13,31,28,51,48,365,5:47 AM,12:36 PM,14119,3856,81.7,148,0.0,15.25,129,13.5,10.0,17.0,06:35,18:59,82.0,69.4,55.0,19.0,13.0,6.0,1009.5,1003.9,1000.5,0.0,2025,3,23,6,82,12,1,Spring,0.21643835616438356,0.07671232876712329,0.13972602739726028,42.5,Normal,37,67.5,62.400000000000006,65.0,10.625,0.49206349206349204,3.269230769230769
2025-03-22,73,60,63.0,13,33,85,38,56,416,1:45 AM,8:57 AM,7240,2798,82.3,120,0.0,0.0,0,15.2,13.0,18.0,06:38,18:57,67.0,52.1,45.0,26.0,18.7,13.0,1006.5,1003.8,1001.5,0.0,2025,3,22,5,81,12,1,Spring,0.2956730769230769,0.20432692307692307,0.09134615384615384,52.300000000000004,Normal,40,77.0,90.60000000000001,74.94007182771666,32.949,0.55,4.023076923076923
2025-03-21,42,63,27.0,13,32,43,7,47,413,1:23 AM,8:31 AM,9011,2895,82.3,123,0.0,0.0,7,14.3,6.0,21.0,06:40,18:55,81.0,56.5,35.0,31.0,19.7,7.0,1019.5,1013.0,1007.5,0.0,2025,3,21,4,80,12,0,Spring,0.12106537530266344,0.10411622276029056,0.01694915254237288,42.300000000000004,Normal,37,68.83333333333333,85.0,24.85791237040766,11.421000000000001,0.5079365079365079,3.2538461538461543
2025-03-20,51,63,34.0,13,32,107,59,40,463,2:10 AM,10:16 AM,6381,3990,82.5,136,0.0,31.04,176,10.4,2.0,18.0,06:42,18:53,93.0,64.4,37.0,17.0,7.1,0.0,1022.5,1021.4,1019.5,0.0,2025,3,20,3,79,12,0,Spring,0.35853131749460043,0.23110151187904968,0.12742980561555076,48.00000000000001,Normal,37,50.666666666666664,70.4,19.966673608219097,16.320000000000004,0.5079365079365079,3.692307692307693
2025-03-19,83,58,61.0,12,33,63,99,58,534,10:40 PM,7:41 AM,7365,2547,82.8,127,0.0,0.0,5,8.0,0.0,16.0,06:45,18:52,76.0,52.8,38.0,19.0,10.8,2.0,1025.5,1023.8,1022.5,0.0,2025,3,19,2,78,12,0,Spring,0.30337078651685395,0.11797752808988764,0.1853932584269663,55.7,Long,42,40.0,88.8,20.0,33.977000000000004,0.5689655172413793,4.641666666666667
2025-03-18,72,58,67.0,12,34,53,107,72,568,11:11 PM,9:31 AM,6214,3458,83.0,154,0.0,15.33,112,5.8,0.0,11.0,06:47,18:50,60.0,41.3,26.0,24.0,18.5,11.0,1030.5,1028.3,1025.5,0.0,2025,3,18,1,77,12,0,Spring,0.28169014084507044,0.09330985915492958,0.18838028169014084,47.400000000000006,Long,42,28.0,84.86666666666666,44.972734031209576,31.758000000000003,0.5862068965517241,3.9500000000000006
2025-03-17,50,62,35.0,12,32,60,27,53,389,2:10 AM,9:45 AM,8305,2897,83.0,136,0.0,0.0,8,6.3,3.0,10.0,06:49,18:48,81.0,60.0,40.0,26.0,17.5,9.0,1031.5,1029.0,1026.5,0.0,2025,3,17,0,76,12,0,Spring,0.2236503856041131,0.15424164524421594,0.06940874035989718,43.7,Normal,38,32.16666666666667,79.33333333333333,64.98095756115919,15.295,0.5161290322580645,3.641666666666667
2025-03-16,75,59,55.0,13,33,50,64,46,525,12:01 AM,9:16 AM,7566,2956,83.0,151,0.0,0.0,66,4.7,0.0,9.0,06:52,18:46,93.0,76.6,53.0,22.0,13.8,7.0,1026.5,1023.8,1022.5,0.0,2025,3,16,6,75,11,1,Spring,0.21714285714285714,0.09523809523809523,0.1219047619047619,56.1,Long,41,22.83333333333333,51.599999999999994,54.985187623035316,30.855,0.559322033898305,4.315384615384615
2025-03-15,74,56,59.0,12,33,61,58,61,435,12:16 AM,8:07 AM,15139,2847,82.7,130,0.0,0.0,24,3.9,1.0,7.0,06:54,18:45,87.0,67.1,49.0,28.0,19.7,11.0,1022.5,1020.6,1017.5,0.0,2025,3,15,5,74,11,1,Spring,0.2735632183908046,0.14022988505747128,0.13333333333333333,51.199999999999996,Normal,44,19.833333333333343,64.6,69.9944449587525,30.208,0.5892857142857143,4.266666666666667
2025-03-14,44,63,32.0,13,33,79,23,51,439,1:41 AM,9:42 AM,13385,2860,82.5,123,0.0,0.0,31,3.3,0.0,7.0,06:56,18:43,93.0,71.5,49.0,24.0,13.6,4.0,1017.5,1010.1,1004.5,0.0,2025,3,14,4,73,11,0,Spring,0.23234624145785876,0.17995444191343962,0.05239179954441914,42.199999999999996,Normal,37,17.16666666666667,57.66666666666666,64.98095756115919,13.503999999999998,0.5238095238095238,3.2461538461538457
2025-03-13,81,55,51.0,12,33,105,102,35,430,12:27 AM,8:00 AM,8682,3017,82.2,149,0.0,4.94,80,3.3,0.0,7.0,06:59,18:41,100.0,84.3,57.0,20.0,9.2,2.0,1004.5,1001.0,998.5,0.0,2025,3,13,3,72,11,0,Spring,0.4813953488372093,0.2441860465116279,0.2372093023255814,61.8,Normal,45,17.16666666666667,39.133333333333326,64.98095756115919,31.517999999999997,0.6,5.1499999999999995
2025-03-12,88,57,73.0,12,32,66,154,69,562,11:00 PM,8:37 AM,7226,2910,81.0,124,0.0,0.0,9,4.3,1.0,8.0,07:01,18:39,100.0,83.2,61.0,22.0,11.8,0.0,1002.5,1000.7,999.5,0.0,2025,3,12,2,71,11,0,Spring,0.3914590747330961,0.11743772241992882,0.27402135231316727,54.1,Long,43,22.16666666666667,37.20000000000002,64.98095756115919,39.493,0.5614035087719298,4.508333333333334
2025-03-11,73,59,29.0,13,30,52,96,38,391,3:29 AM,10:09 AM,5757,3284,81.7,135,0.0,19.8,130,5.4,2.0,8.0,07:03,18:38,100.0,80.5,57.0,28.0,15.8,7.0,1004.5,1004.0,1002.5,0.0,2025,3,11,1,70,11,0,Spring,0.37851662404092073,0.1329923273657289,0.24552429667519182,56.8,Normal,41,25.666666666666657,41.66666666666666,69.91124240960865,16.471999999999998,0.5084745762711864,4.369230769230769
2025-03-10,62,61,34.0,13,31,63,24,45,363,1:39 AM,7:51 AM,11049,3822,82.3,140,0.0,15.12,127,9.1,4.0,15.0,07:05,18:36,93.0,70.1,42.0,17.0,10.3,0.0,1004.5,1002.8,1001.5,0.0,2025,3,10,0,69,11,0,Spring,0.2396694214876033,0.17355371900826447,0.06611570247933884,50.599999999999994,Normal,39,46.833333333333336,63.26666666666668,44.951536503428784,17.203999999999997,0.5081967213114754,3.892307692307692
2025-03-09,73,58,51.0,13,34,67,85,46,481,1:04 AM,7:34 AM,7389,2744,83.0,123,0.0,0.0,13,10.8,4.0,18.0,07:08,18:34,81.0,61.2,42.0,17.0,10.3,6.0,1009.5,1006.0,1003.5,0.0,2025,3,9,6,68,10,1,Spring,0.316008316008316,0.1392931392931393,0.17671517671517672,55.60000000000001,Long,42,54.66666666666666,77.2,29.99047683826626,28.356000000000005,0.5862068965517241,4.276923076923078
2025-03-08,75,57,55.0,13,30,48,69,47,401,12:30 AM,7:18 AM,8615,3050,82.5,144,0.0,19.05,102,12.2,5.0,19.0,07:10,18:32,76.0,52.6,24.0,22.0,14.3,7.0,1015.5,1012.7,1009.5,0.0,2025,3,8,5,67,10,1,Spring,0.29177057356608477,0.11970074812967581,0.17206982543640897,54.9,Normal,43,60.33333333333334,98.26666666666667,29.99047683826626,30.195,0.5263157894736842,4.223076923076923
2025-03-07,78,63,39.0,12,30,74,83,47,555,1:14 AM,10:31 AM,6631,2919,82.3,125,0.0,14.03,48,10.3,4.0,18.0,07:12,18:30,87.0,66.8,45.0,17.0,11.4,6.0,1016.5,1015.8,1015.5,0.0,2025,3,7,4,66,10,0,Spring,0.2828828828828829,0.13333333333333333,0.14954954954954955,56.1,Long,37,53.83333333333333,67.46666666666667,29.88343039385532,21.879,0.47619047619047616,4.675
2025-03-06,43,62,30.0,13,32,67,21,36,331,2:14 AM,7:46 AM,13284,3788,82.0,159,0.0,0.0,101,8.3,1.0,17.0,07:15,18:29,93.0,69.7,45.0,19.0,11.2,6.0,1020.5,1017.2,1015.5,0.0,2025,3,6,3,65,10,0,Spring,0.26586102719033233,0.20241691842900303,0.0634441087613293,46.0,Short,38,43.833333333333336,61.53333333333333,19.89798171498215,13.8,0.5161290322580645,3.5384615384615383
2025-03-05,50,63,43.0,12,33,45,105,43,453,2:18 AM,9:57 AM,9070,2846,81.8,119,0.0,0.0,3,6.3,0.0,14.0,07:17,18:27,93.0,73.3,44.0,22.0,12.0,4.0,1025.5,1022.8,1020.5,0.0,2025,3,5,2,64,10,0,Spring,0.33112582781456956,0.09933774834437085,0.23178807947019867,46.99999999999999,Normal,37,33.83333333333333,59.79999999999998,29.883430393855306,20.209999999999997,0.5238095238095238,3.916666666666666
2025-03-04,77,61,58.0,13,34,48,55,53,468,1:19 AM,9:19 AM,9047,3393,82.5,169,3.0,15.75,123,3.8,-3.0,12.0,07:19,18:25,100.0,81.3,54.0,15.0,6.9,0.0,1028.5,1026.6,1024.5,0.0,2025,3,4,1,63,10,0,Spring,0.22008547008547008,0.10256410256410256,0.11752136752136752,55.099999999999994,Normal,39,21.33333333333333,43.133333333333326,24.89119004182443,31.958,0.5573770491803278,4.238461538461538
2025-03-03,39,62,24.0,14,34,79,0,41,351,1:32 AM,7:38 AM,15141,3319,82.3,124,0.0,0.0,49,2.9,-4.0,10.0,07:21,18:23,100.0,84.4,54.0,9.0,4.7,0.0,1031.5,1029.8,1028.5,0.0,2025,3,3,0,62,10,0,Spring,0.22507122507122507,0.22507122507122507,0.0,43.5,Short,38,14.833333333333343,41.06666666666666,29.99761908811007,10.44,0.5483870967741935,3.107142857142857
2025-03-02,46,62,28.0,13,35,50,33,40,436,1:44 AM,9:25 AM,13015,3679,82.1,126,0.0,0.0,81,3.0,-3.0,10.0,07:24,18:21,100.0,85.5,54.0,11.0,4.0,0.0,1036.5,1034.9,1031.5,0.0,2025,3,2,6,61,9,1,Spring,0.19036697247706422,0.11467889908256881,0.07568807339449542,46.900000000000006,Normal,38,16.666666666666657,40.33333333333334,34.93592901352288,13.132000000000003,0.5645161290322581,3.607692307692308
2025-03-01,88,58,66.0,13,37,99,98,53,496,12:02 AM,8:26 AM,13577,3229,81.9,120,0.0,0.0,30,4.0,0.0,8.0,07:26,18:19,100.0,83.4,62.0,17.0,8.7,2.0,1036.5,1033.7,1030.5,0.0,2025,3,1,5,60,9,1,Spring,0.3971774193548387,0.19959677419354838,0.1975806451612903,60.400000000000006,Long,42,20.0,36.400000000000006,60.0,39.864000000000004,0.6379310344827587,4.6461538461538465
2025-02-28,72,57,63.0,12,37,56,64,42,391,12:51 AM,7:38 AM,12511,2777,81.7,113,0.0,0.0,0,5.4,1.0,8.0,07:28,18:18,100.0,83.7,66.0,22.0,13.8,6.0,1030.5,1026.4,1020.5,0.0,2025,2,28,4,59,9,0,Winter,0.3069053708439898,0.1432225063938619,0.1636828644501279,57.300000000000004,Normal,43,24.0,33.53333333333333,64.61638797409174,36.099000000000004,0.6491228070175439,4.775
2025-02-27,79,58,55.0,12,37,65,90,39,411,12:28 AM,7:23 AM,9551,3242,81.5,131,0.0,14.87,87,6.0,5.0,8.0,07:30,18:16,100.0,89.8,81.0,26.0,15.8,2.0,1020.5,1014.3,1010.5,1.6,2025,2,27,3,58,9,0,Winter,0.3771289537712895,0.15815085158150852,0.21897810218978103,61.00000000000001,Normal,42,31.666666666666657,19.46666666666667,84.72474768348053,33.550000000000004,0.6379310344827587,5.083333333333334
2025-02-26,76,61,39.0,12,36,61,88,41,515,11:21 PM,8:09 AM,8363,2748,81.5,128,0.0,0.0,5,7.0,2.0,11.0,07:32,18:14,100.0,82.1,54.0,31.0,15.8,0.0,1016.5,1014.3,1010.5,3.4,2025,2,26,2,57,9,0,Winter,0.28932038834951457,0.11844660194174757,0.170873786407767,58.9,Long,39,33.33333333333334,42.599999999999994,54.90750247177105,22.971,0.5901639344262295,4.908333333333333
2025-02-25,80,59,47.0,13,37,50,89,57,458,11:52 PM,7:31 AM,11276,3579,81.5,168,5.0,15.93,167,8.1,6.0,11.0,07:35,18:12,100.0,92.0,76.0,19.0,12.7,4.0,1014.5,1013.4,1012.5,0.0,2025,2,25,1,56,9,0,Winter,0.3034934497816594,0.1091703056768559,0.1943231441048035,56.0,Normal,41,41.833333333333336,21.333333333333343,74.8935599231326,26.32,0.6271186440677966,4.3076923076923075
2025-02-24,81,57,49.0,12,38,57,80,48,515,10:50 PM,7:30 AM,10462,3452,81.5,169,0.0,14.13,113,10.4,9.0,12.0,07:37,18:10,100.0,83.3,67.0,33.0,27.6,19.0,1020.5,1014.8,1012.5,5.2,2025,2,24,0,55,9,0,Winter,0.26601941747572816,0.11067961165048544,0.1553398058252427,59.4,Long,43,52.333333333333336,33.133333333333326,84.98889300106973,29.105999999999998,0.6666666666666666,4.95
2025-02-23,76,58,60.0,12,38,45,91,58,492,11:45 PM,8:31 AM,8072,2845,81.5,129,0.0,6.29,38,9.6,5.0,14.0,07:39,18:08,100.0,83.6,62.0,31.0,20.8,11.0,1027.5,1024.3,1020.5,0.0,2025,2,23,6,54,8,1,Winter,0.2764227642276423,0.09146341463414634,0.18495934959349594,54.4,Long,42,47.666666666666664,36.26666666666668,54.996296448699546,32.64,0.6551724137931034,4.533333333333333
2025-02-22,78,59,50.0,12,34,65,62,42,473,11:30 PM,7:32 AM,11242,2971,81.5,159,0.0,0.0,58,10.0,6.0,13.0,07:41,18:07,100.0,90.9,72.0,26.0,19.0,13.0,1022.5,1013.9,1010.5,1.9,2025,2,22,5,53,8,1,Winter,0.26849894291754756,0.13742071881606766,0.13107822410147993,58.8,Normal,41,48.33333333333333,24.73333333333335,64.88115415715754,29.4,0.576271186440678,4.8999999999999995
2025-02-21,85,58,59.0,12,34,69,99,56,525,11:10 PM,8:01 AM,8492,3006,81.5,124,0.0,6.29,27,13.0,9.0,17.0,07:43,18:05,94.0,77.2,59.0,30.0,21.7,15.0,1019.5,1016.0,1012.5,1.0,2025,2,21,4,52,8,0,Winter,0.32,0.13142857142857142,0.18857142857142858,57.400000000000006,Long,42,65.0,46.53333333333333,60.0,33.86600000000001,0.5862068965517241,4.783333333333334
2025-02-20,80,60,56.0,12,32,54,63,42,472,11:31 PM,7:40 AM,6913,2836,80.6,126,0.0,12.54,55,6.3,1.0,11.0,07:45,18:03,100.0,86.5,70.0,26.0,18.2,13.0,1020.5,1019.0,1018.5,0.7,2025,2,20,3,51,8,0,Winter,0.2478813559322034,0.11440677966101695,0.13347457627118645,59.0,Normal,40,30.5,29.0,49.97000899460404,33.04,0.5333333333333333,4.916666666666667
2025-02-19,78,60,44.0,12,32,63,92,44,450,11:46 PM,7:27 AM,13084,3166,80.0,119,0.0,0.0,23,1.1,-2.0,5.0,07:47,18:01,69.0,57.8,42.0,24.0,19.6,15.0,1024.5,1021.8,1020.5,0.0,2025,2,19,2,50,8,0,Winter,0.34444444444444444,0.14,0.20444444444444446,57.6,Normal,40,6.833333333333343,87.46666666666665,64.92389227218428,25.344,0.5333333333333333,4.8
2025-02-18,86,55,57.0,12,31,64,116,59,558,11:01 PM,8:21 AM,6396,3493,80.0,151,0.0,14.7,136,-0.8,-4.0,3.0,07:49,17:59,74.0,64.0,48.0,24.0,18.1,13.0,1027.5,1025.6,1024.5,0.0,2025,2,18,1,49,8,0,Winter,0.3225806451612903,0.11469534050179211,0.2078853046594982,55.99999999999999,Long,45,-3.0,76.0,64.95716906412954,31.919999999999995,0.5636363636363636,4.666666666666666
2025-02-17,85,56,85.0,12,30,93,231,69,790,9:29 PM,10:55 AM,4767,2532,80.0,121,0.0,0.0,0,-1.5,-5.0,2.0,07:51,17:57,93.0,76.8,64.0,17.0,12.4,7.0,1026.5,1025.3,1023.5,0.0,2025,2,17,0,48,8,0,Winter,0.41012658227848103,0.11772151898734177,0.29240506329113924,52.3,Very_Long,44,-7.5,44.133333333333326,65.0,44.455,0.5357142857142857,4.358333333333333
2025-02-16,34,64,7.0,15,28,52,5,14,255,7:14 AM,11:37 AM,13365,4072,80.0,198,1.21,0.0,97,0.5,-3.0,4.0,07:53,17:55,86.0,76.2,56.0,30.0,18.0,7.0,1025.5,1023.4,1021.5,0.0,2025,2,16,6,47,7,1,Winter,0.2235294117647059,0.20392156862745098,0.0196078431372549,47.800000000000004,Short,36,2.5,54.53333333333333,65.0,3.346,0.4375,3.186666666666667
2025-02-15,66,60,53.0,13,31,100,76,63,516,11:29 PM,8:32 AM,16238,3883,80.0,154,0.0,0.0,144,1.9,0.0,4.0,07:55,17:53,87.0,74.8,61.0,15.0,8.3,2.0,1028.5,1024.4,1022.5,0.0,2025,2,15,5,46,7,1,Winter,0.34108527131782945,0.1937984496124031,0.14728682170542637,46.8,Long,40,9.833333333333343,51.46666666666667,79.99166840205477,24.803999999999995,0.5166666666666667,3.5999999999999996
2025-02-14,49,62,37.0,13,30,65,68,47,448,12:42 AM,8:21 AM,7266,3303,80.0,140,0.0,8.0,86,0.2,-4.0,4.0,07:57,17:51,100.0,82.3,65.0,13.0,7.2,0.0,1029.5,1027.9,1025.5,0.0,2025,2,14,4,45,7,0,Winter,0.296875,0.14508928571428573,0.15178571428571427,44.5,Normal,38,0.3333333333333286,35.133333333333326,59.98333680410955,16.465,0.4838709677419355,3.423076923076923
2025-02-13,83,58,70.0,12,30,47,72,42,487,12:14 AM,8:31 AM,9763,2792,80.0,117,0.0,0.0,4,1.1,-2.0,3.0,07:59,17:50,100.0,83.3,70.0,22.0,14.3,2.0,1025.5,1022.3,1019.5,0.0,2025,2,13,3,44,7,0,Winter,0.24435318275154005,0.09650924024640657,0.14784394250513347,59.6,Long,42,3.5,31.133333333333326,74.76114107175206,41.72,0.5172413793103449,4.966666666666667
2025-02-12,46,63,29.0,13,30,68,26,40,442,12:31 AM,8:01 AM,5936,3834,80.0,142,0.0,24.0,229,3.8,2.0,6.0,08:01,17:48,100.0,95.0,81.0,23.0,7.8,2.0,1019.5,1017.9,1017.5,0.3,2025,2,12,2,43,7,0,Winter,0.21266968325791855,0.15384615384615385,0.058823529411764705,45.400000000000006,Normal,37,19.66666666666667,16.0,79.96669439824437,13.166000000000002,0.47619047619047616,3.492307692307693
2025-02-11,84,59,64.0,13,31,71,67,49,464,11:00 PM,6:48 AM,9062,4290,80.0,159,0.0,17.76,287,2.6,2.0,4.0,08:03,17:46,100.0,93.7,87.0,26.0,18.1,9.0,1018.5,1017.4,1015.5,6.5,2025,2,11,1,42,7,0,Winter,0.2974137931034483,0.15301724137931033,0.14439655172413793,58.199999999999996,Normal,41,14.333333333333343,12.866666666666674,89.73679712110624,37.248,0.5254237288135594,4.476923076923077
2025-02-10,47,60,30.0,13,30,40,39,43,429,11:36 PM,7:01 AM,6278,3406,80.0,141,0.0,15.39,110,2.3,2.0,3.0,08:05,17:44,87.0,81.6,75.0,33.0,27.8,24.0,1030.5,1025.3,1018.5,6.6,2025,2,10,0,41,7,0,Winter,0.18414918414918416,0.09324009324009325,0.09090909090909091,44.9,Normal,40,12.166666666666671,37.599999999999994,94.86839856055312,13.47,0.5,3.4538461538461536
2025-02-09,78,61,50.0,13,31,59,75,44,452,11:45 PM,7:20 AM,8455,4720,80.0,149,0.0,18.3,339,3.9,2.0,5.0,08:07,17:42,87.0,81.4,75.0,22.0,13.7,4.0,1030.5,1028.5,1025.5,0.0,2025,2,9,6,40,6,1,Winter,0.29646017699115046,0.13053097345132744,0.16592920353982302,57.3,Normal,39,18.166666666666657,37.73333333333332,84.82326341622372,28.65,0.5081967213114754,4.407692307692307
2025-02-08,59,62,36.0,13,30,64,110,54,509,11:16 PM,7:50 AM,12840,2996,80.0,168,2.5,0.0,41,4.0,2.0,7.0,08:09,17:40,81.0,77.1,70.0,26.0,15.2,4.0,1025.5,1021.7,1019.5,0.0,2025,2,8,5,39,6,1,Winter,0.3418467583497053,0.12573673870333987,0.21611001964636542,46.4,Long,38,21.666666666666657,47.93333333333334,74.83388521576417,16.703999999999997,0.4838709677419355,3.569230769230769
2025-02-07,83,58,56.0,12,30,71,87,45,518,10:08 PM,6:54 AM,10736,3451,80.0,158,0.0,0.0,97,3.2,2.0,4.0,08:11,17:38,93.0,77.2,70.0,35.0,28.3,19.0,1038.5,1029.8,1022.5,0.0,2025,2,7,4,38,6,0,Winter,0.305019305019305,0.13706563706563707,0.16795366795366795,58.7,Long,42,15.333333333333329,39.866666666666674,89.93355408630566,32.872,0.5172413793103449,4.891666666666667
2025-02-06,79,59,49.0,12,29,71,87,52,466,10:57 PM,6:59 AM,12860,3064,80.0,127,0.0,4.15,76,3.9,0.0,7.0,08:12,17:36,100.0,90.9,76.0,24.0,12.7,0.0,1044.5,1042.2,1038.5,0.0,2025,2,6,3,37,6,0,Winter,0.33905579399141633,0.15236051502145923,0.18669527896995708,54.7,Normal,41,18.166666666666657,22.06666666666669,64.92389227218428,26.803,0.4915254237288136,4.558333333333334
2025-02-05,77,61,44.0,12,30,57,63,45,498,10:40 PM,7:01 AM,7806,3438,79.5,146,0.0,12.97,78,4.9,1.0,9.0,08:14,17:34,100.0,91.8,71.0,24.0,12.8,2.0,1041.5,1036.1,1028.5,0.0,2025,2,5,2,36,6,0,Winter,0.24096385542168675,0.1144578313253012,0.12650602409638553,56.3,Long,39,24.83333333333333,24.799999999999983,59.99583355032462,24.772,0.4918032786885246,4.691666666666666
2025-02-04,75,61,43.0,12,29,61,49,46,462,11:42 PM,7:26 AM,8130,3595,79.5,179,3.0,19.6,162,3.0,1.0,6.0,08:16,17:33,100.0,90.2,81.0,30.0,20.0,11.0,1028.5,1026.2,1025.5,0.0,2025,2,4,1,35,6,0,Winter,0.23809523809523808,0.13203463203463203,0.10606060606060606,54.900000000000006,Normal,39,16.666666666666657,19.200000000000017,74.83388521576416,23.607000000000003,0.47540983606557374,4.575
2025-02-03,78,62,43.0,12,29,45,76,50,512,10:23 PM,7:01 AM,8010,3709,79.5,156,0.0,14.51,159,1.0,-4.0,7.0,08:17,17:31,100.0,90.5,76.0,13.0,9.8,2.0,1027.5,1026.5,1025.5,0.0,2025,2,3,0,34,6,0,Winter,0.236328125,0.087890625,0.1484375,54.900000000000006,Long,38,6.666666666666657,22.333333333333343,44.92429452713898,23.607000000000003,0.46774193548387094,4.575
2025-02-02,50,59,34.0,13,30,92,153,45,618,10:14 PM,8:55 AM,8005,2981,79.5,151,0.0,9.48,76,0.0,-4.0,5.0,08:19,17:29,93.0,85.3,65.0,15.0,8.2,4.0,1028.5,1025.6,1024.5,0.0,2025,2,2,6,33,5,1,Winter,0.3964401294498382,0.1488673139158576,0.24757281553398058,45.5,Very_Long,41,1.6666666666666572,37.79999999999998,54.90750247177105,15.47,0.5084745762711864,3.5
2025-02-01,49,63,36.0,12,32,79,66,61,588,10:37 PM,8:44 AM,6504,3781,79.5,151,0.0,30.43,249,1.0,-3.0,7.0,08:21,17:27,100.0,87.3,61.0,13.0,7.1,1.0,1033.5,1031.6,1028.5,0.0,2025,2,1,5,32,5,1,Winter,0.2465986394557823,0.13435374149659865,0.11224489795918367,40.9,Long,37,8.333333333333343,34.46666666666667,49.667770431528325,14.723999999999998,0.5079365079365079,3.408333333333333
2025-01-31,49,60,42.0,13,31,65,50,46,517,10:52 PM,7:31 AM,10897,4166,79.7,167,0.0,15.48,241,2.2,-1.0,6.0,08:22,17:25,100.0,92.5,81.0,15.0,9.6,2.0,1031.5,1027.0,1023.5,0.0,2025,1,31,4,31,5,0,Winter,0.22243713733075435,0.12572533849129594,0.09671179883945841,45.099999999999994,Long,40,12.0,17.666666666666657,64.95716906412954,18.941999999999997,0.5166666666666667,3.469230769230769
2025-01-30,63,61,46.0,12,31,64,21,46,345,12:57 AM,6:46 AM,6150,3313,80.0,140,0.0,26.7,109,5.2,2.0,7.0,08:24,17:23,100.0,89.5,76.0,20.0,10.9,0.0,1022.5,994.1,1000.0,0.0,2025,1,30,3,30,5,0,Winter,0.2463768115942029,0.1855072463768116,0.06086956521739131,50.7,Short,39,23.66666666666667,23.0,74.67544011570322,23.322000000000003,0.5081967213114754,4.2250000000000005
2025-01-29,48,63,29.0,13,31,57,43,46,463,11:03 PM,7:00 AM,9296,2765,79.45,145,2.01,0.0,27,7.2,5.0,8.0,08:25,17:21,100.0,88.6,81.0,41.0,24.4,2.0,1008.5,1000.5,989.5,0.0,2025,1,29,2,29,5,0,Winter,0.2159827213822894,0.12311015118790497,0.09287257019438445,44.7,Normal,37,33.66666666666667,20.26666666666665,84.46509306969195,12.963000000000001,0.49206349206349204,3.4384615384615387
2025-01-28,79,59,49.0,12,32,51,63,46,481,10:52 PM,7:01 AM,8467,3664,78.9,147,0.0,16.43,161,7.6,5.0,9.0,08:27,17:19,93.0,84.2,76.0,37.0,27.8,20.0,990.5,988.9,988.5,0.6,2025,1,28,1,28,5,0,Winter,0.23700623700623702,0.10602910602910603,0.13097713097713098,57.4,Long,41,36.0,31.200000000000017,79.70221686981556,28.125999999999998,0.5423728813559322,4.783333333333333
2025-01-27,80,59,51.0,12,32,47,86,46,521,11:20 PM,8:12 AM,15231,3083,78.35,171,4.0,0.0,70,8.6,6.0,11.0,08:28,17:18,100.0,79.7,66.0,43.0,31.0,20.0,991.5,987.4,982.5,0.0,2025,1,27,0,27,5,0,Winter,0.255278310940499,0.09021113243761997,0.16506717850287908,57.800000000000004,Long,41,42.666666666666664,36.20000000000002,74.99333422198526,29.478,0.5423728813559322,4.816666666666667
2025-01-26,90,54,76.0,12,34,102,95,46,503,12:07 AM,8:43 AM,10381,2887,77.8,135,0.0,0.0,39,3.5,2.0,6.0,08:30,17:16,100.0,87.7,76.0,43.0,19.7,0.0,1008.5,1003.2,991.5,9.0,2025,1,26,6,26,4,1,Winter,0.39165009940357853,0.20278330019880716,0.18886679920477137,62.400000000000006,Long,46,19.166666666666657,24.200000000000017,79.7927405783631,47.42400000000001,0.6296296296296297,5.2
2025-01-25,46,61,22.0,14,33,73,55,46,442,11:29 PM,7:31 AM,6312,2612,77.4,123,0.0,0.0,12,5.3,2.0,8.0,08:31,17:14,100.0,89.7,71.0,24.0,11.3,2.0,1008.5,1004.0,999.5,0.3,2025,1,25,5,25,4,1,Winter,0.2895927601809955,0.16515837104072398,0.1244343891402715,44.5,Normal,39,25.5,26.200000000000017,69.95004159736656,9.79,0.5409836065573771,3.1785714285714284
2025-01-24,69,61,38.0,13,34,41,43,46,433,11:23 PM,7:01 AM,6567,3082,77.8,134,0.0,0.0,47,7.5,5.0,9.0,08:32,17:12,93.0,88.7,81.0,43.0,28.9,15.0,1003.5,1000.0,996.5,5.3,2025,1,24,4,24,4,0,Winter,0.19399538106235567,0.09468822170900693,0.09930715935334873,54.0,Normal,39,35.83333333333334,24.866666666666674,79.7927405783631,20.52,0.5573770491803278,4.153846153846154
2025-01-23,74,60,34.5,13,35,50,41,46,453,11:12 PM,7:01 AM,8722,2984,78.2,154,0.0,0.0,72,5.5,4.0,7.0,08:34,17:10,100.0,88.3,81.0,33.0,22.2,7.0,1005.5,1002.2,998.5,3.1,2025,1,23,3,23,4,0,Winter,0.20088300220750552,0.11037527593818984,0.09050772626931568,56.3,Normal,40,27.5,20.46666666666667,85.0,19.4235,0.5833333333333334,4.3307692307692305
2025-01-22,61,60,31.0,12,36,54,66,46,402,11:42 PM,6:55 AM,9028,3258,78.2,161,1.0,14.56,103,1.8,-1.0,4.0,08:35,17:09,100.0,96.8,87.0,15.0,9.2,6.0,1011.5,1004.4,999.5,4.4,2025,1,22,2,22,4,0,Winter,0.29850746268656714,0.13432835820895522,0.16417910447761194,51.4,Normal,40,8.0,10.799999999999983,74.94007182771666,15.934,0.6,4.283333333333333
2025-01-21,85,57,53.0,12,36,75,94,46,461,10:45 PM,7:01 AM,9945,4217,77.4,158,0.0,24.45,262,0.3,0.0,1.0,08:36,17:07,100.0,98.8,93.0,20.0,14.7,9.0,1018.5,1015.9,1011.5,0.0,2025,1,21,1,21,4,0,Winter,0.3665943600867679,0.16268980477223427,0.2039045553145336,61.0,Normal,43,2.1666666666666714,5.466666666666669,94.86839856055312,32.33,0.631578947368421,5.083333333333333
2025-01-20,88,55,62.0,12,35,44,117,46,484,10:58 PM,7:03 AM,12384,2857,77.2,172,3.0,0.0,63,0.3,-1.0,1.0,08:37,17:05,100.0,95.0,93.0,17.0,12.5,0.0,1021.5,1019.3,1018.5,0.0,2025,1,20,0,20,4,0,Winter,0.33264462809917356,0.09090909090909091,0.24173553719008264,61.900000000000006,Long,45,0.5,8.0,89.85110843490779,38.378,0.6363636363636364,5.158333333333334
2025-01-19,74,52,48.0,12,35,49,131,46,573,10:47 PM,8:48 AM,10168,2480,77.2,107,0.0,0.0,15,-0.7,-1.0,0.0,08:38,17:03,100.0,96.3,93.0,11.0,6.1,2.0,1027.5,1023.6,1021.5,0.0,2025,1,19,6,19,3,1,Winter,0.31413612565445026,0.08551483420593368,0.2286212914485166,56.3,Long,48,-2.8333333333333286,7.133333333333326,94.86839856055312,27.023999999999997,0.6730769230769231,4.691666666666666
2025-01-18,74,60,38.0,12,35,38,66,46,423,11:08 PM,6:19 AM,12014,3188,76.9,136,0.0,7.91,89,-1.0,-2.0,0.0,08:40,17:02,100.0,99.4,93.0,15.0,9.1,2.0,1036.5,1031.8,1027.5,0.0,2025,1,18,5,18,3,1,Winter,0.2458628841607565,0.08983451536643026,0.15602836879432624,56.3,Normal,40,-5.0,5.066666666666691,90.0,21.394000000000002,0.5833333333333334,4.691666666666666
2025-01-17,86,57,50.0,13,34,60,133,46,481,10:48 PM,6:55 AM,13854,3187,75.9,158,0.0,4.0,124,0.6,0.0,1.0,08:41,17:00,100.0,100.0,100.0,17.0,8.9,2.0,1038.5,1037.2,1036.5,0.0,2025,1,17,4,17,3,0,Winter,0.40124740124740127,0.12474012474012475,0.2765072765072765,60.8,Long,43,2.6666666666666714,0.0,94.96677704315283,30.4,0.5964912280701754,4.676923076923076
2025-01-16,90,55,51.0,11,34,53,115,46,474,11:00 PM,7:01 AM,12215,3157,75.7,169,3.0,8.0,125,4.3,2.0,7.0,08:42,16:58,100.0,99.0,93.0,20.0,10.8,0.0,1037.5,1036.4,1034.5,0.0,2025,1,16,3,16,3,0,Winter,0.35443037974683544,0.11181434599156118,0.24261603375527427,62.400000000000006,Normal,45,22.16666666666667,5.333333333333343,74.97334754040537,31.824,0.6181818181818182,5.672727272727273
2025-01-15,80,52,52.0,12,34,65,83,46,467,10:59 PM,7:01 AM,9254,3271,76.7,136,0.0,18.68,105,6.9,5.0,8.0,08:42,16:57,100.0,98.8,93.0,11.0,6.2,2.0,1035.5,1033.7,1032.5,0.0,2025,1,15,2,15,3,0,Winter,0.3169164882226981,0.139186295503212,0.1777301927194861,58.400000000000006,Normal,48,33.16666666666666,5.466666666666669,84.82326341622372,30.368000000000002,0.6538461538461539,4.866666666666667
2025-01-14,61,60,41.0,12,34,61,18,46,387,12:07 AM,7:01 AM,11209,3522,76.7,167,3.0,15.56,137,4.0,-1.0,8.0,08:43,16:55,100.0,91.3,80.0,30.0,15.9,7.0,1036.5,1033.8,1032.5,0.5,2025,1,14,1,14,3,0,Winter,0.2041343669250646,0.15762273901808785,0.046511627906976744,50.8,Normal,40,18.333333333333343,19.133333333333326,54.90750247177105,20.827999999999996,0.5666666666666667,4.233333333333333
2025-01-13,88,54,71.0,13,34,103,154,46,659,7:39 PM,7:01 AM,10670,3318,76.45,150,0.0,4.8,79,0.9,-2.0,5.0,08:44,16:54,100.0,86.3,65.0,20.0,11.0,2.0,1042.5,1040.8,1036.5,0.0,2025,1,13,0,13,3,0,Winter,0.3899848254931715,0.15629742033383914,0.2336874051593323,61.60000000000001,Very_Long,46,6.5,32.46666666666667,64.82898920986204,43.736000000000004,0.6296296296296297,4.738461538461539
2025-01-12,87,55,58.0,12,34,103,109,46,464,11:09 PM,7:00 AM,8236,2393,76.2,112,0.0,0.0,9,2.8,0.0,7.0,08:45,16:52,100.0,85.9,66.0,11.0,5.6,2.0,1042.5,1038.7,1033.5,0.0,2025,1,12,6,12,2,1,Winter,0.45689655172413796,0.22198275862068967,0.2349137931034483,61.2,Normal,45,16.33333333333333,32.06666666666666,64.76743930206983,35.496,0.6181818181818182,5.1000000000000005
2025-01-11,48,60,24.0,13,35,70,0,46,294,1:55 AM,7:00 AM,9621,3015,75.7,156,2.0,4.0,99,0.7,-4.0,7.0,08:46,16:51,100.0,89.9,71.0,20.0,7.2,0.0,1033.5,1027.2,1021.5,0.4,2025,1,11,5,11,2,1,Winter,0.23809523809523808,0.23809523809523808,0.0,45.900000000000006,Short,40,6.166666666666671,26.06666666666669,44.80640133735314,11.016000000000002,0.5833333333333334,3.530769230769231
2025-01-10,66,60,43.5,12,37,54,49,46,441,11:20 PM,7:00 AM,18085,3837,76.2,144,0.0,0.0,144,2.8,-2.0,5.0,08:46,16:49,100.0,85.0,70.0,28.0,14.1,0.0,1021.5,1017.0,1011.5,1.7,2025,1,10,4,10,2,0,Winter,0.23356009070294784,0.12244897959183673,0.1111111111111111,53.7,Normal,40,9.666666666666671,30.0,64.2042833102432,23.359500000000004,0.6166666666666667,4.4750000000000005
2025-01-09,79,57,63.0,12,37,65,110,46,512,11:02 PM,8:28 AM,6483,3261,75.5,172,0.0,14.0,130,2.5,1.0,5.0,08:47,16:48,100.0,85.5,61.0,31.0,14.5,2.0,1011.5,1003.4,998.5,3.0,2025,1,9,3,9,2,0,Winter,0.341796875,0.126953125,0.21484375,58.9,Long,43,14.166666666666657,35.66666666666666,79.7927405783631,37.107,0.6491228070175439,4.908333333333333
2025-01-08,76,55,51.0,12,37,41,91,46,444,11:06 PM,6:56 AM,11443,3355,76.1,147,0.0,18.29,138,3.6,2.0,5.0,08:48,16:46,100.0,81.0,70.0,43.0,16.5,4.0,1003.5,1001.0,998.5,0.0,2025,1,8,2,8,2,0,Winter,0.2972972972972973,0.09234234234234234,0.20495495495495494,57.7,Normal,45,17.666666666666657,32.66666666666666,84.98889300106973,29.427000000000003,0.6727272727272727,4.808333333333334
2025-01-07,77,57,58.0,12,36,89,51,46,479,10:39 PM,7:02 AM,7525,3411,76.4,160,0.0,13.63,103,4.2,3.0,6.0,08:48,16:45,93.0,85.2,65.0,37.0,25.4,17.0,999.5,996.0,991.5,2.3,2025,1,7,1,7,2,0,Winter,0.29227557411273486,0.18580375782881003,0.10647181628392484,57.8,Normal,43,22.0,37.866666666666674,84.9003311294585,33.523999999999994,0.631578947368421,4.816666666666666
2025-01-06,87,54,59.0,13,35,91,109,46,490,10:42 PM,7:01 AM,7936,2627,77.1,119,0.0,0.0,0,9.1,5.0,12.0,08:49,16:44,94.0,82.4,70.0,67.0,38.6,28.0,991.5,983.2,974.5,2.0,2025,1,6,0,6,2,0,Winter,0.40816326530612246,0.18571428571428572,0.22244897959183674,61.5,Long,46,43.50000000000001,35.73333333333332,64.82898920986204,36.285,0.6481481481481481,4.730769230769231
2025-01-05,81,55,65.0,12,34,35,82,46,489,10:51 PM,7:06 AM,7652,2834,76.6,136,0.0,9.1,64,4.8,0.0,12.0,08:49,16:42,100.0,95.2,81.0,41.0,25.4,11.0,1009.5,994.5,986.5,21.2,2025,1,5,6,5,1,1,Winter,0.2392638036809816,0.07157464212678936,0.16768916155419222,58.8,Long,45,28.0,15.866666666666674,39.601324517834,38.22,0.6181818181818182,4.8999999999999995
2025-01-04,81,58,59.0,12,32,63,92,46,460,10:51 PM,6:50 AM,13870,2661,76.3,130,0.0,0.0,8,2.3,0.0,4.0,08:49,16:41,100.0,92.9,87.0,24.0,13.3,6.0,1021.5,1017.1,1009.5,1.8,2025,1,4,5,4,1,1,Winter,0.33695652173913043,0.13695652173913042,0.2,58.199999999999996,Normal,42,10.5,13.400000000000006,79.92514010011527,34.337999999999994,0.5517241379310345,4.85
2025-01-03,67,57,44.0,12,31,20,46,46,471,10:48 PM,7:01 AM,12183,2905,76.3,123,0.0,0.0,15,2.9,1.0,5.0,08:50,16:40,93.0,83.1,61.0,35.0,17.7,2.0,1020.5,1018.0,1016.5,2.1,2025,1,3,4,3,1,0,Winter,0.14012738853503184,0.04246284501061571,0.09766454352441614,52.3,Normal,43,14.833333333333343,41.93333333333334,79.99166840205477,23.011999999999997,0.543859649122807,4.358333333333333
2025-01-02,83,56,44.0,12,30,86,77,46,518,10:16 PM,7:01 AM,11470,3070,76.3,168,1.01,0.0,19,3.6,1.0,6.0,08:50,16:39,93.0,84.3,76.0,22.0,11.5,2.0,1017.5,1013.3,1007.5,3.2,2025,1,2,3,2,1,0,Winter,0.31467181467181465,0.16602316602316602,0.14864864864864866,58.400000000000006,Long,44,17.666666666666657,31.133333333333326,74.99333422198526,25.696000000000005,0.5357142857142857,4.866666666666667
2025-01-01,73,58,44.0,12,29,48,48,46,466,2:59 AM,11:03 AM,9295,2627,76.3,119,0.0,0.0,30,8.0,6.0,9.0,08:50,16:37,93.0,85.0,76.0,61.0,42.3,17.0,1015.5,1008.2,1002.5,21.0,2025,1,1,2,1,1,0,Winter,0.20600858369098712,0.10300429184549356,0.10300429184549356,54.10000000000001,Normal,42,38.33333333333334,30.666666666666657,84.72474768348053,23.804000000000006,0.5,4.508333333333334
