Date,Resting heart rate,Breaths per minute (during sleep),HRV-status,DeepSleep,Restless moments,Duration (mins),Steps,Calories,Weight (in kilograms),Max HR,Run (kms),Ride (kms),Minutes intense exercise,AvgTemp_C,MinTemp_C,MaxTemp_C,Humidity_Max,Humidity_Avg,Humidity_Min,WindSpeed_Max,WindSpeed_Avg,WindSpeed_Min,Pressure_Max,Pressure_Avg,Pressure_Min,Precipitation_mm,DayOfWeek,IsWeekend,HR_Recovery_Score,Temp_Comfort_Index,Humidity_Comfort_Index,Weather_Stability,HRV_HR_Ratio,Breathing_Sleep_Quality,BedTimeSin,BedTimeCos,WakeTimeSin,WakeTimeCos,SunsetSin,SunsetCos,SunriseSin,SunriseCos,MinutesAfterSunset,BedtimeCategory_Early,BedtimeCategory_Late,BedtimeCategory_On Time,Heat_Stress_Effort,Sleep_Fragmentation
2025-01-01,58,12,29,48,46,466,9295,2627,76.3,119,0.0,0.0,30,8.0,6.0,9.0,93.0,85.0,76.0,61.0,42.3,17.0,1015.5,1008.2,1002.5,21.0,2,0,42,38.33333333333334,30.666666666666657,84.72474768348053,0.5,4.508333333333334,0.7040147244559684,0.7101853756232854,0.24615329302899322,-0.9692309097067543,-0.9351352096860117,-0.3542910379977157,0.7372773368101241,-0.6755902076156602,622,False,True,False,270.0,0.09871244635193133
2025-01-02,56,12,30,86,46,518,11470,3070,76.3,168,1.01,0.0,19,3.6,1.0,6.0,93.0,84.3,76.0,22.0,11.5,2.0,1017.5,1013.3,1007.5,3.2,3,0,44,17.666666666666657,31.13333333333333,74.99333422198526,0.5357142857142857,4.866666666666667,-0.438371146789077,0.8987940462991671,0.964787323828813,-0.2630312144579746,-0.938191335922484,-0.34611705707749335,0.7372773368101241,-0.6755902076156602,337,False,False,True,114.0,0.0888030888030888
2025-01-03,57,12,31,20,46,471,12183,2905,76.3,123,0.0,0.0,15,2.9,1.0,5.0,93.0,83.1,61.0,35.0,17.7,2.0,1020.5,1018.0,1016.5,2.1,4,0,43,14.833333333333345,41.93333333333334,79.99166840205477,0.543859649122807,4.358333333333333,-0.3090169943749477,0.9510565162951535,0.964787323828813,-0.2630312144579746,-0.9396926207859082,-0.3420201433256694,0.7372773368101241,-0.6755902076156602,368,False,False,True,75.0,0.09766454352441614
2025-01-04,58,12,32,63,46,460,13870,2661,76.3,130,0.0,0.0,8,2.3,0.0,4.0,100.0,92.9,87.0,24.0,13.3,6.0,1021.5,1017.1,1009.5,1.8,5,1,42,10.5,13.400000000000006,79.92514010011527,0.5517241379310345,4.85,-0.2965415749755711,0.9550199444571866,0.9762960071199334,-0.2164396139381028,-0.9411760152563706,-0.337916718003327,0.7402181274868322,-0.6723668074346679,370,False,False,True,32.0,0.1
2025-01-05,55,12,34,35,46,489,7652,2834,76.6,136,0.0,9.1,64,4.8,0.0,12.0,100.0,95.2,81.0,41.0,25.4,11.0,1009.5,994.5,986.5,21.2,6,1,45,28.0,15.866666666666674,39.601324517834,0.6181818181818182,4.8999999999999995,-0.2965415749755711,0.9550199444571866,0.958819734868193,-0.28401534470392265,-0.9426414910921783,-0.33380685923377124,0.7402181274868322,-0.6723668074346679,369,False,False,True,768.0,0.09406952965235174
2025-01-06,54,13,35,91,46,490,7936,2627,77.1,119,0.0,0.0,0,9.1,5.0,12.0,94.0,82.4,70.0,67.0,38.6,28.0,991.5,983.2,974.5,2.0,0,0,46,43.50000000000001,35.73333333333332,64.82898920986204,0.6481481481481481,4.730769230769231,-0.3338068592337713,0.9426414910921783,0.964787323828813,-0.2630312144579746,-0.9455185755993168,-0.32556815445715664,0.7402181274868322,-0.6723668074346679,358,False,False,True,0.0,0.09387755102040816
2025-01-07,57,12,36,89,46,479,7525,3411,76.4,160,0.0,13.63,103,4.2,3.0,6.0,93.0,85.2,65.0,37.0,25.4,17.0,999.5,996.0,991.5,2.3,1,0,43,22.0,37.866666666666674,84.9003311294585,0.631578947368421,4.816666666666666,-0.3461170570774934,0.9381913359224839,0.963630453208623,-0.26723837607825685,-0.9469301294951056,-0.3214394653031618,0.7431448254773942,-0.6691306063588582,354,False,False,True,618.0,0.09603340292275574
2025-01-08,55,12,37,41,46,444,11443,3355,76.1,147,0.0,18.29,138,3.6,2.0,5.0,100.0,81.0,70.0,43.0,16.5,4.0,1003.5,1001.0,998.5,0.0,2,0,45,17.666666666666657,32.66666666666666,84.98889300106973,0.6727272727272727,4.808333333333334,-0.23344536385590609,0.9723699203976764,0.9702957262759965,-0.24192189559966779,-0.9483236552061992,-0.31730465640509264,0.7431448254773942,-0.6691306063588582,380,False,True,False,690.0,0.1036036036036036
2025-01-09,57,12,37,65,46,512,6483,3261,75.5,172,0.0,14.0,130,2.5,1.0,5.0,100.0,85.5,61.0,31.0,14.5,2.0,1011.5,1003.4,998.5,3.0,3,0,43,14.166666666666655,35.66666666666666,79.7927405783631,0.6491228070175439,4.908333333333333,-0.2503800040544419,0.9681476403781076,0.7986355100472927,-0.6018150231520484,-0.9510565162951535,-0.30901699437494756,0.7460573750616996,-0.6658816660008342,374,False,True,False,650.0,0.08984375
2025-01-10,60,12,37,54,46,441,18085,3837,76.2,144,0.0,0.0,144,2.8,-2.0,5.0,100.0,85.0,70.0,28.0,14.1,0.0,1021.5,1017.0,1011.5,1.7,4,0,40,9.666666666666671,30.0,64.2042833102432,0.6166666666666667,4.4750000000000005,-0.17364817766693127,0.9848077530122079,0.9659258262890683,-0.25881904510252085,-0.9523957996432783,-0.3048642990280112,0.748955720789002,-0.6626200482157376,391,False,True,False,720.0,0.10430839002267574
2025-01-11,60,13,35,70,46,294,9621,3015,75.7,156,2.0,4.0,99,0.7,-4.0,7.0,100.0,89.9,71.0,20.0,7.2,0.0,1033.5,1027.2,1021.5,0.4,5,1,40,6.166666666666671,26.06666666666669,44.80640133735314,0.5833333333333334,3.530769230769231,0.48098876891938763,0.8767267557075077,0.9659258262890683,-0.25881904510252085,-0.9550199444571866,-0.29654157497557104,0.748955720789002,-0.6626200482157376,544,False,True,False,693.0,0.1564625850340136
2025-01-12,55,12,34,103,46,464,8236,2393,76.2,112,0.0,0.0,9,2.8,0.0,7.0,100.0,85.9,66.0,11.0,5.6,2.0,1042.5,1038.7,1033.5,0.0,6,1,45,16.33333333333333,32.06666666666666,64.76743930206983,0.6181818181818182,5.1000000000000005,-0.2206974350215017,0.9753423205085126,0.9659258262890683,-0.25881904510252085,-0.9563047559630353,-0.2923717047227371,0.7518398074789774,-0.6593458151000688,377,False,True,False,63.0,0.09913793103448276
2025-01-13,54,13,34,103,46,659,10670,3318,76.45,150,0.0,4.8,79,0.9,-2.0,5.0,100.0,86.3,65.0,20.0,11.0,2.0,1042.5,1040.8,1036.5,0.0,0,0,46,6.5,32.46666666666667,64.82898920986204,0.6296296296296297,4.738461538461539,-0.9081431738250815,0.4186597375374277,0.964787323828813,-0.2630312144579746,-0.958819734868193,-0.28401534470392265,0.7547095802227719,-0.6560590289905075,165,True,False,False,395.0,0.06980273141122914
2025-01-14,60,12,34,61,46,387,11209,3522,76.7,167,3.0,15.56,137,4.0,-1.0,8.0,100.0,91.3,80.0,30.0,15.9,7.0,1036.5,1033.8,1032.5,0.5,1,0,40,18.333333333333343,19.13333333333333,54.90750247177105,0.5666666666666667,4.233333333333333,0.03053851320982266,0.9995335908367129,0.964787323828813,-0.2630312144579746,-0.9600498543859286,-0.27982901403099236,0.7575649843840495,-0.6527597524627226,432,False,True,False,1096.0,0.11886304909560723
2025-01-15,52,12,34,65,46,467,9254,3271,76.7,136,0.0,18.68,105,6.9,5.0,8.0,100.0,98.8,93.0,11.0,6.2,2.0,1035.5,1033.7,1032.5,0.0,2,0,48,33.16666666666666,5.466666666666669,84.82326341622372,0.6538461538461539,4.866666666666667,-0.26303121445797534,0.9647873238288128,0.964787323828813,-0.2630312144579746,-0.9624552364536473,-0.2714404498650742,0.760405965600031,-0.6494480483301835,362,False,False,True,840.0,0.09850107066381156
2025-01-16,55,11,34,53,46,474,12215,3157,75.7,169,3.0,8.0,125,4.3,2.0,7.0,100.0,99.0,93.0,20.0,10.8,0.0,1037.5,1036.4,1034.5,0.0,3,0,45,22.16666666666667,5.333333333333343,74.97334754040537,0.6181818181818182,5.672727272727273,-0.2588190451025207,0.9659258262890683,0.964787323828813,-0.2630312144579746,-0.963630453208623,-0.26723837607825707,0.760405965600031,-0.6494480483301835,362,False,False,True,875.0,0.0970464135021097
2025-01-17,57,13,34,60,46,481,13854,3187,75.9,158,0.0,4.0,124,0.6,0.0,1.0,100.0,100.0,100.0,17.0,8.9,2.0,1038.5,1037.2,1036.5,0.0,4,0,43,2.6666666666666714,0.0,94.96677704315285,0.5964912280701754,4.676923076923076,-0.3090169943749477,0.9510565162951535,0.9713420698132614,-0.237685892326173,-0.9659258262890683,-0.25881904510252063,0.763232469782529,-0.6461239796429636,348,False,False,True,124.0,0.09563409563409564
2025-01-18,60,12,35,38,46,423,12014,3188,76.9,136,0.0,7.91,89,-1.0,-2.0,0.0,100.0,99.4,93.0,15.0,9.1,2.0,1036.5,1031.8,1027.5,0.0,5,1,40,-5.0,5.066666666666691,90.0,0.5833333333333334,4.691666666666666,-0.22495105434386534,0.9743700647852351,0.9965655024977614,-0.08280820751220423,-0.9681476403781076,-0.25038000405444183,0.766044443118978,-0.6427876096865394,366,False,False,True,0.0,0.10874704491725769
2025-01-19,52,12,35,49,46,573,10168,2480,77.2,107,0.0,0.0,15,-0.7,-1.0,0.0,100.0,96.3,93.0,11.0,6.1,2.0,1027.5,1023.6,1021.5,0.0,6,1,48,-2.8333333333333286,7.133333333333326,94.86839856055312,0.6730769230769231,4.691666666666666,-0.31316380648375036,0.9496991262018767,0.7431448254773942,-0.6691306063588582,-0.9692309097067544,-0.24615329302899286,0.7716245833877202,-0.6360782202777637,344,False,False,True,0.0,0.08027923211169284
2025-01-20,55,12,35,44,46,484,12384,2857,77.2,172,3.0,0.0,63,0.3,-1.0,1.0,100.0,95.0,93.0,17.0,12.5,0.0,1021.5,1019.3,1018.5,0.0,0,0,45,0.5,8.0,89.85110843490779,0.6363636363636364,5.158333333333334,-0.267238376078258,0.9636304532086227,0.9624552364536473,-0.2714404498650742,-0.9713420698132613,-0.23768589232617343,0.7743926440821857,-0.632705328562516,353,False,False,True,63.0,0.09504132231404959
2025-01-21,57,12,36,75,46,461,9945,4217,77.4,158,0.0,24.45,262,0.3,0.0,1.0,100.0,98.8,93.0,20.0,14.7,9.0,1018.5,1015.9,1011.5,0.0,1,0,43,2.1666666666666714,5.466666666666669,94.86839856055312,0.631578947368421,5.083333333333333,-0.32143946530316186,0.9469301294951056,0.964787323828813,-0.2630312144579746,-0.9733792584604485,-0.22920039092241418,0.777145961456971,-0.6293203910498373,338,False,False,True,262.0,0.09978308026030369
2025-01-22,60,12,36,54,46,402,9028,3258,78.2,161,1.0,14.56,103,1.8,-1.0,4.0,100.0,96.8,87.0,15.0,9.2,6.0,1011.5,1004.4,999.5,4.4,2,0,40,8.0,10.799999999999985,74.94007182771666,0.6,4.283333333333333,-0.07845909572784562,0.996917333733128,0.9713420698132614,-0.237685892326173,-0.9753423205085126,-0.22069743502150163,0.7798844830928817,-0.6259234721840591,393,False,True,False,412.0,0.11442786069651742
2025-01-23,60,13,35,50,46,453,8722,2984,78.2,154,0.0,0.0,72,5.5,4.0,7.0,100.0,88.3,81.0,33.0,22.2,7.0,1005.5,1002.2,998.5,3.1,3,0,40,27.5,20.46666666666667,85.0,0.5833333333333334,4.3307692307692305,-0.20791169081775987,0.9781476007338056,0.964787323828813,-0.2630312144579746,-0.9762960071199334,-0.21643961393810282,0.782608156852414,-0.6225146366376194,362,False,False,True,504.0,0.10154525386313466
2025-01-24,61,13,34,41,46,433,6567,3082,77.8,134,0.0,0.0,47,7.5,5.0,9.0,93.0,88.7,81.0,43.0,28.9,15.0,1003.5,1000.0,996.5,5.3,4,0,39,35.83333333333334,24.86666666666667,79.7927405783631,0.5573770491803278,4.153846153846154,-0.16074256560382694,0.9869963665602318,0.964787323828813,-0.2630312144579746,-0.9781476007338056,-0.2079116908177598,0.788010753606722,-0.6156614753256583,371,False,True,False,423.0,0.10623556581986143
2025-01-25,61,14,33,73,46,442,6312,2612,77.4,123,0.0,0.0,12,5.3,2.0,8.0,100.0,89.7,71.0,24.0,11.3,2.0,1008.5,1004.0,999.5,0.3,5,1,39,25.5,26.200000000000017,69.95004159736656,0.5409836065573771,3.1785714285714284,-0.13485093027372372,0.9908658973868821,0.9222009716704518,-0.3867109616368207,-0.9799247046208296,-0.1993679344171973,0.7906895737438435,-0.6122172800344491,375,False,True,False,96.0,0.10407239819004525
2025-01-26,54,12,34,102,46,503,10381,2887,77.8,135,0.0,0.0,39,3.5,2.0,6.0,100.0,87.7,76.0,43.0,19.7,0.0,1008.5,1003.2,991.5,9.0,6,1,46,19.166666666666657,24.200000000000017,79.7927405783631,0.6296296296296297,5.2,0.03053851320982266,0.9995335908367129,0.7575649843840495,-0.6527597524627226,-0.9816271834476639,-0.19080899537654547,0.7933533402912352,-0.6087614290087207,411,False,True,False,234.0,0.09145129224652088
2025-01-27,59,12,32,47,46,521,15231,3083,78.35,171,4.0,0.0,70,8.6,6.0,11.0,100.0,79.7,66.0,43.0,31.0,20.0,991.5,987.4,982.5,0.0,0,0,41,42.666666666666664,36.20000000000002,74.99333422198526,0.5423728813559322,4.816666666666667,-0.17364817766693127,0.9848077530122079,0.838670567945424,-0.5446390350150272,-0.9832549075639545,-0.18223552549214778,0.7986355100472927,-0.6018150231520484,362,False,False,True,770.0,0.08829174664107485
2025-01-28,59,12,32,51,46,481,8467,3664,78.9,147,0.0,16.43,161,7.6,5.0,9.0,93.0,84.2,76.0,37.0,27.8,20.0,990.5,988.9,988.5,0.6,1,0,41,36.0,31.200000000000017,79.70221686981556,0.5423728813559322,4.783333333333333,-0.29237170472273627,0.9563047559630357,0.964787323828813,-0.2630312144579746,-0.9840406976462908,-0.17794354547384236,0.8012538126910607,-0.5983246005706591,333,False,False,True,1449.0,0.09563409563409564
2025-01-29,63,13,31,57,46,463,9296,2765,79.45,145,2.01,0.0,27,7.2,5.0,8.0,100.0,88.6,81.0,41.0,24.4,2.0,1008.5,1000.5,989.5,0.0,2,0,37,33.66666666666667,20.26666666666665,84.46509306969195,0.492063492063492,3.4384615384615387,-0.24615329302899291,0.9692309097067544,0.9659258262890683,-0.25881904510252085,-0.9855560590580776,-0.16934950384902486,0.8064446042674828,-0.5913096483635821,342,False,False,True,216.0,0.09935205183585313
2025-01-30,61,12,31,64,46,345,6150,3313,80.0,140,0.0,26.7,109,5.2,2.0,7.0,100.0,89.5,76.0,20.0,10.9,0.0,1022.5,994.1,1000.0,0.0,3,0,39,23.66666666666667,23.0,74.67544011570322,0.5081967213114754,4.2250000000000005,0.24615329302899303,0.9692309097067544,0.9799247046208296,-0.19936793441719708,-0.9869963665602319,-0.160742565603826,0.8090169943749475,-0.587785252292473,454,False,True,False,763.0,0.13333333333333333
2025-01-31,60,13,31,65,46,517,10897,4166,79.7,167,0.0,15.48,241,2.2,-1.0,6.0,100.0,92.5,81.0,15.0,9.6,2.0,1031.5,1027.0,1023.5,0.0,4,0,40,12.0,17.666666666666657,64.95716906412954,0.5166666666666667,3.469230769230769,-0.29237170472273627,0.9563047559630357,0.9222009716704518,-0.3867109616368207,-0.9883615104677607,-0.15212338618991714,0.8141155183563192,-0.5807029557109398,327,False,False,True,1446.0,0.08897485493230174
2025-02-01,63,12,32,79,61,588,6504,3781,79.5,151,0.0,30.43,249,1.0,-3.0,7.0,100.0,87.3,61.0,13.0,7.1,1.0,1033.5,1031.6,1028.5,0.0,5,1,37,8.333333333333343,34.46666666666667,49.667770431528325,0.5079365079365079,3.408333333333333,-0.3542910379977158,0.9351352096860117,0.7547095802227719,-0.6560590289905075,-0.9896513868196702,-0.1434926219911794,0.816641555161679,-0.5771451900372335,310,False,False,True,1743.0,0.10374149659863946
2025-02-02,59,13,30,92,45,618,8005,2981,79.5,151,0.0,9.48,76,0.0,-4.0,5.0,93.0,85.3,65.0,15.0,8.2,4.0,1028.5,1025.6,1024.5,0.0,6,1,41,1.6666666666666572,37.79999999999998,54.90750247177105,0.5084745762711864,3.5,-0.4461978131098095,0.8949343616020247,0.7223639620597556,-0.6915130557822693,-0.9908658973868822,-0.13485093027372277,0.8216469379421637,-0.569996762596303,285,False,False,True,380.0,0.07281553398058252
2025-02-03,62,12,29,45,50,512,8010,3709,79.5,156,0.0,14.51,159,1.0,-4.0,7.0,100.0,90.5,76.0,13.0,9.8,2.0,1027.5,1026.5,1025.5,0.0,0,0,38,6.666666666666657,22.333333333333343,44.92429452713898,0.4677419354838709,4.575,-0.4107188526134778,0.9117620435770883,0.964787323828813,-0.2630312144579746,-0.992004949679715,-0.12619896913583006,0.8265897491271886,-0.5628049276950686,292,False,False,True,1113.0,0.09765625
2025-02-04,61,12,29,61,46,462,8130,3595,79.5,179,3.0,19.6,162,3.0,1.0,6.0,100.0,90.2,81.0,30.0,20.0,11.0,1028.5,1026.2,1025.5,0.0,1,0,39,16.666666666666657,19.200000000000017,74.83388521576416,0.4754098360655737,4.575,-0.07845909572784562,0.996917333733128,0.9304175679820246,-0.3665012267242972,-0.9930684569549263,-0.1175373974578376,0.8290375725550417,-0.5591929034707467,369,False,False,True,972.0,0.09956709956709957
2025-02-05,61,12,30,57,45,498,7806,3438,79.5,146,0.0,12.97,78,4.9,1.0,9.0,100.0,91.8,71.0,24.0,12.8,2.0,1041.5,1036.1,1028.5,0.0,2,0,39,24.83333333333333,24.799999999999983,59.99583355032462,0.4918032786885246,4.691666666666666,-0.3420201433256686,0.9396926207859084,0.964787323828813,-0.2630312144579746,-0.9935718556765875,-0.11320321376790694,0.8338858220671682,-0.5519369853120581,306,False,False,True,702.0,0.09036144578313253
2025-02-06,59,12,29,71,52,466,12860,3064,80.0,127,0.0,4.15,76,3.9,0.0,7.0,100.0,90.9,76.0,24.0,12.7,0.0,1044.5,1042.2,1038.5,0.0,3,0,41,18.166666666666657,22.06666666666669,64.92389227218428,0.4915254237288136,4.558333333333334,-0.27144044986507426,0.9624552364536473,0.9670459389139432,-0.2546019482055275,-0.9945218953682734,-0.10452846326765336,0.838670567945424,-0.5446390350150272,321,False,False,True,532.0,0.11158798283261803
2025-02-07,58,12,30,71,45,518,10736,3451,80.0,158,0.0,0.0,97,3.2,2.0,4.0,93.0,77.2,70.0,35.0,28.3,19.0,1038.5,1029.8,1022.5,0.0,4,0,42,15.333333333333329,39.866666666666674,89.93355408630566,0.5172413793103449,4.891666666666667,-0.4694715627858908,0.882947592858927,0.9723699203976767,-0.23344536385590514,-0.9953961983671787,-0.09584575252022441,0.8410390129643925,-0.5409744713679938,270,False,False,True,388.0,0.08687258687258688
2025-02-08,62,13,30,64,54,509,12840,2996,80.0,168,2.5,0.0,41,4.0,2.0,7.0,81.0,77.1,70.0,26.0,15.2,4.0,1025.5,1021.7,1019.5,0.0,5,1,38,21.666666666666657,47.93333333333334,74.83388521576417,0.4838709677419355,3.569230769230769,-0.19080899537654467,0.981627183447664,0.8870108331782218,-0.4617486132350338,-0.9961946980917455,-0.08715574274765825,0.8457278217039732,-0.5336145159156115,336,False,False,True,287.0,0.10609037328094302
2025-02-09,61,13,31,59,44,452,8455,4720,80.0,149,0.0,18.3,339,3.9,2.0,5.0,87.0,81.4,75.0,22.0,13.7,4.0,1030.5,1028.5,1025.5,0.0,6,1,39,18.166666666666657,37.73333333333332,84.82326341622372,0.5081967213114754,4.407692307692307,-0.06540312923014367,0.9978589232386035,0.9396926207859084,-0.3420201433256687,-0.996917333733128,-0.07845909572784557,0.8503522249955631,-0.5262139236518693,363,False,False,True,1695.0,0.09734513274336283
2025-02-10,60,13,30,40,43,429,6278,3406,80.0,141,0.0,15.39,110,2.3,2.0,3.0,87.0,81.6,75.0,33.0,27.8,24.0,1030.5,1025.3,1018.5,6.6,0,0,40,12.166666666666671,37.599999999999994,94.86839856055312,0.5,3.4538461538461536,-0.10452846326765342,0.9945218953682733,0.964787323828813,-0.2630312144579746,-0.9975640502598242,-0.06975647374412558,0.8549118706729467,-0.5187732581605212,352,False,False,True,330.0,0.10023310023310024
2025-02-11,59,13,31,71,49,464,9062,4290,80.0,159,0.0,17.76,287,2.6,2.0,4.0,100.0,93.7,87.0,26.0,18.1,9.0,1018.5,1017.4,1015.5,6.5,1,0,41,14.333333333333345,12.866666666666674,89.73679712110624,0.5254237288135594,4.476923076923077,-0.2588190451025207,0.9659258262890683,0.9781476007338057,-0.20791169081775912,-0.9981347984218669,-0.06104853953485769,0.8594064115014528,-0.5112930860770519,314,False,False,True,1148.0,0.10560344827586207
2025-02-12,63,13,30,68,40,442,5936,3834,80.0,142,0.0,24.0,229,3.8,2.0,6.0,100.0,95.0,81.0,23.0,7.8,2.0,1019.5,1017.9,1017.5,0.3,2,0,37,19.66666666666667,16.0,79.96669439824437,0.4761904761904761,3.492307692307693,0.134850930273723,0.9908658973868822,0.8638355052043958,-0.5037739770455263,-0.9986295347545738,-0.052335956242944306,0.8638355052043958,-0.5037739770455263,403,False,True,False,1374.0,0.09049773755656108
2025-02-13,58,12,30,47,42,487,9763,2792,80.0,117,0.0,0.0,4,1.1,-2.0,3.0,100.0,83.3,70.0,22.0,14.3,2.0,1025.5,1022.3,1019.5,0.0,3,0,42,3.5,31.13333333333333,74.76114107175206,0.5172413793103449,4.966666666666667,0.06104853953485687,0.9981347984218669,0.7906895737438435,-0.6122172800344491,-0.9990482215818578,-0.04361938736533613,0.8681988144891423,-0.49621650367520825,384,False,True,False,12.0,0.08624229979466119
2025-02-14,62,13,30,65,47,448,7266,3303,80.0,140,0.0,8.0,86,0.2,-4.0,4.0,100.0,82.3,65.0,13.0,7.2,0.0,1029.5,1027.9,1025.5,0.0,4,0,38,0.3333333333333286,35.133333333333326,59.98333680410955,0.4838709677419355,3.423076923076923,0.18223552549214747,0.9832549075639546,0.816641555161679,-0.5771451900372335,-0.9992290362407229,-0.03925981575906901,0.8724960070727971,-0.48862124149695507,411,False,True,False,344.0,0.10491071428571429
2025-02-15,60,13,31,100,63,516,16238,3883,80.0,154,0.0,0.0,144,1.9,0.0,4.0,87.0,74.8,61.0,15.0,8.3,2.0,1028.5,1024.4,1022.5,0.0,5,1,40,9.833333333333345,51.46666666666667,79.99166840205477,0.5166666666666667,3.5999999999999996,-0.13485093027372372,0.9908658973868821,0.788010753606722,-0.6156614753256583,-0.9995335908367129,-0.030538513209822718,0.8767267557075078,-0.48098876891938747,336,False,False,True,576.0,0.12209302325581395
2025-02-16,64,15,28,52,14,255,13365,4072,80.0,198,1.21,0.0,97,0.5,-3.0,4.0,86.0,76.2,56.0,30.0,18.0,7.0,1025.5,1023.4,1021.5,0.0,6,1,36,2.5,54.53333333333333,65.0,0.4375,3.186666666666667,0.9483236552061994,-0.317304656405092,0.10018806161207594,-0.9949685182509117,-0.9997620270799091,-0.021814885034560836,0.8808907382053855,-0.4733196671848433,799,False,True,False,388.0,0.054901960784313725
2025-02-17,56,12,30,93,69,790,4767,2532,80.0,121,0.0,0.0,0,-1.5,-5.0,2.0,93.0,76.8,64.0,17.0,12.4,7.0,1026.5,1025.3,1023.5,0.0,0,0,44,-7.5,44.133333333333326,65.0,0.5357142857142857,4.358333333333333,-0.6122172800344494,0.7906895737438433,0.2798290140309923,-0.9600498543859286,-0.999914327574007,-0.013089595571344698,0.8849876374630419,-0.4656145203251114,212,True,False,False,0.0,0.08734177215189873
2025-02-18,55,12,31,64,59,558,6396,3493,80.0,151,0.0,14.7,136,-0.8,-4.0,3.0,74.0,64.0,48.0,24.0,18.1,13.0,1027.5,1025.6,1024.5,0.0,1,0,45,-3.0,76.0,64.95716906412954,0.5636363636363636,4.666666666666666,-0.2546019482055278,0.9670459389139431,0.816641555161679,-0.5771451900372335,-0.9999904807207345,-0.004363309284746483,0.8890171414857365,-0.45787391511695646,302,False,False,True,408.0,0.1057347670250896
2025-02-19,60,12,32,63,44,450,13084,3166,80.0,119,0.0,0.0,23,1.1,-2.0,5.0,69.0,57.8,42.0,24.0,19.6,15.0,1024.5,1021.8,1020.5,0.0,2,0,40,6.833333333333343,87.46666666666665,64.92389227218428,0.5333333333333333,4.8,-0.061048539534856866,0.9981347984218669,0.9288095528719242,-0.3705574375098361,-0.9999904807207345,0.004363309284747004,0.8929789434111371,-0.4500984410374348,345,False,False,True,115.0,0.09777777777777778
2025-02-20,60,12,32,54,42,472,6913,2836,80.6,126,0.0,12.54,55,6.3,1.0,11.0,100.0,86.5,70.0,26.0,18.2,13.0,1020.5,1019.0,1018.5,0.7,3,0,40,30.5,29.0,49.97000899460404,0.5333333333333333,4.916666666666667,-0.12619896913583012,0.992004949679715,0.90630778703665,-0.42261826174069933,-0.999914327574007,0.01308959557134433,0.8968727415326884,-0.44228869021900113,328,False,False,True,605.0,0.08898305084745763
2025-02-21,58,12,34,69,56,525,8492,3006,81.5,124,0.0,6.29,27,13.0,9.0,17.0,94.0,77.2,59.0,30.0,21.7,15.0,1019.5,1016.0,1012.5,1.0,4,0,42,65.0,46.53333333333333,60.0,0.5862068965517241,4.783333333333334,-0.21643961393810288,0.9762960071199334,0.8638355052043958,-0.5037739770455263,-0.9997620270799091,0.021814885034561356,0.9006982393225879,-0.43444525740441703,305,False,False,True,459.0,0.10666666666666667
2025-02-22,59,12,34,65,42,473,11242,2971,81.5,159,0.0,0.0,58,10.0,6.0,13.0,100.0,90.9,72.0,26.0,19.0,13.0,1022.5,1013.9,1010.5,1.9,5,1,41,48.33333333333333,24.73333333333335,64.88115415715754,0.576271186440678,4.8999999999999995,-0.13052619222005168,0.9914448613738104,0.9205048534524404,-0.3907311284892736,-0.999533590836713,0.030538513209822354,0.904455145454368,-0.4265687399014584,323,False,False,True,754.0,0.08879492600422834
2025-02-23,58,12,38,45,58,492,8072,2845,81.5,129,0.0,6.29,38,9.6,5.0,14.0,100.0,83.6,62.0,31.0,20.8,11.0,1027.5,1024.3,1020.5,0.0,6,1,42,47.666666666666664,36.26666666666668,54.996296448699546,0.6551724137931034,4.533333333333333,-0.06540312923014367,0.9978589232386035,0.7906895737438435,-0.6122172800344491,-0.9993908270190958,0.03489949670250128,0.9081431738250815,-0.4186597375374278,337,False,False,True,532.0,0.11788617886178862
2025-02-24,57,12,38,57,48,515,10462,3452,81.5,169,0.0,14.13,113,10.4,9.0,12.0,100.0,83.3,67.0,33.0,27.6,19.0,1020.5,1014.8,1012.5,5.2,0,0,43,52.333333333333336,33.133333333333326,84.98889300106973,0.6666666666666666,4.95,-0.30070579950427384,0.9537169507482267,0.9238795325112867,-0.3826834323650897,-0.9990482215818578,0.043619387365335764,0.9117620435770886,-0.4107188526134773,280,False,False,True,1356.0,0.09320388349514563
2025-02-25,59,13,37,50,57,458,11276,3579,81.5,168,5.0,15.93,167,8.1,6.0,11.0,100.0,92.0,76.0,19.0,12.7,4.0,1014.5,1013.4,1012.5,0.0,1,0,41,41.833333333333336,21.333333333333343,74.8935599231326,0.6271186440677966,4.3076923076923075,-0.034899496702500823,0.9993908270190958,0.9222009716704518,-0.3867109616368207,-0.9986295347545738,0.052335956242943946,0.9153114791194472,-0.40274668985873713,340,False,False,True,1837.0,0.12445414847161572
2025-02-26,61,12,36,61,41,515,8363,2748,81.5,128,0.0,0.0,5,7.0,2.0,11.0,100.0,82.1,54.0,31.0,15.8,0.0,1016.5,1014.3,1010.5,3.4,2,0,39,33.33333333333334,42.599999999999994,54.90750247177105,0.5901639344262295,4.908333333333333,-0.16934950384902492,0.9855560590580776,0.8457278217039732,-0.5336145159156115,-0.998134798421867,0.06104853953485644,0.9205048534524404,-0.3907311284892736,307,False,False,True,55.0,0.07961165048543689
2025-02-27,58,12,37,65,39,411,9551,3242,81.5,131,0.0,14.87,87,6.0,5.0,8.0,100.0,89.8,81.0,26.0,15.8,2.0,1020.5,1014.3,1010.5,1.6,3,0,42,31.666666666666657,19.46666666666667,84.72474768348053,0.6379310344827587,5.083333333333334,0.12186934340514748,0.992546151641322,0.9351352096860117,-0.35429103799771566,-0.9975640502598243,0.06975647374412522,0.9238795325112867,-0.3826834323650897,372,False,True,False,696.0,0.0948905109489051
2025-02-28,57,12,37,56,42,391,12511,2777,81.7,113,0.0,0.0,0,5.4,1.0,8.0,100.0,83.7,66.0,22.0,13.8,6.0,1030.5,1026.4,1020.5,0.0,4,0,43,24.0,33.53333333333333,64.61638797409174,0.6491228070175439,4.775,0.22069743502150108,0.9753423205085127,0.9099612708765433,-0.4146932426562388,-0.9969173337331281,0.07845909572784432,0.9271838545667874,-0.37460659341591207,393,False,True,False,0.0,0.10741687979539642
2025-03-01,58,13,37,99,53,496,13577,3229,81.9,120,0.0,0.0,30,4.0,0.0,8.0,100.0,83.4,62.0,17.0,8.7,2.0,1036.5,1033.7,1030.5,0.0,5,1,42,20.0,36.400000000000006,60.0,0.6379310344827587,4.6461538461538465,0.008726535498373935,0.9999619230641713,0.8038568606172174,-0.5948227867513411,-0.9965655024977614,0.08280820751220433,0.9304175679820246,-0.3665012267242972,343,False,False,True,240.0,0.10685483870967742
2025-03-02,62,13,35,50,40,436,13015,3679,82.1,126,0.0,0.0,81,3.0,-3.0,10.0,100.0,85.5,54.0,11.0,4.0,0.0,1036.5,1034.9,1031.5,0.0,6,1,38,16.666666666666657,40.33333333333334,34.93592901352288,0.5645161290322581,3.607692307692308,0.43837114678907746,0.898794046299167,0.6259234721840592,-0.7798844830928817,-0.9958049275746618,0.09150161866340183,0.9335804264972017,-0.35836794954530027,443,False,True,False,810.0,0.09174311926605505
2025-03-03,62,14,34,79,41,351,15141,3319,82.3,124,0.0,0.0,49,2.9,-4.0,10.0,100.0,84.4,54.0,9.0,4.7,0.0,1031.5,1029.8,1028.5,0.0,0,0,38,14.833333333333345,41.06666666666666,29.99761908811007,0.5483870967741935,3.107142857142857,0.3907311284892737,0.9205048534524404,0.9099612708765433,-0.4146932426562388,-0.9949685182509117,0.10018806161207608,0.9381913359224842,-0.3461170570774929,429,False,True,False,490.0,0.1168091168091168
2025-03-04,61,13,34,48,53,468,9047,3393,82.5,169,3.0,15.75,123,3.8,-3.0,12.0,100.0,81.3,54.0,15.0,6.9,0.0,1028.5,1026.6,1024.5,0.0,1,0,39,21.33333333333333,43.133333333333326,24.89119004182443,0.5573770491803278,4.238461538461538,0.33791671800332695,0.9411760152563706,0.6461239796429639,-0.7632324697825289,-0.9940563382223196,0.10886687485196471,0.9411760152563707,-0.3379167180033268,414,False,True,False,1476.0,0.11324786324786325
2025-03-05,63,12,33,45,43,453,9070,2846,81.8,119,0.0,0.0,3,6.3,0.0,14.0,93.0,73.3,44.0,22.0,12.0,4.0,1025.5,1022.8,1020.5,0.0,2,0,37,33.83333333333333,59.79999999999998,29.883430393855303,0.5238095238095238,3.916666666666666,0.5664062369248328,0.8241261886220157,0.5112930860770525,-0.8594064115014525,-0.9930684569549263,0.11753739745783724,0.9440890203927843,-0.3296906452627872,471,False,True,False,42.0,0.09492273730684327
2025-03-06,62,13,32,67,36,331,13284,3788,82.0,159,0.0,0.0,101,8.3,1.0,17.0,93.0,69.7,45.0,19.0,11.2,6.0,1020.5,1017.2,1015.5,0.0,3,0,38,43.833333333333336,61.53333333333333,19.89798171498215,0.5161290322580645,3.5384615384615383,0.5519369853120581,0.8338858220671682,0.894934361602025,-0.4461978131098088,-0.992004949679715,0.1261989691358297,0.9469301294951057,-0.3214394653031616,465,False,True,False,1717.0,0.10876132930513595
2025-03-07,63,12,30,74,47,555,6631,2919,82.3,125,0.0,14.03,48,10.3,4.0,18.0,87.0,66.8,45.0,17.0,11.4,6.0,1016.5,1015.8,1015.5,0.0,4,0,37,53.83333333333333,67.46666666666667,29.88343039385532,0.4761904761904761,4.675,0.31730465640509214,0.9483236552061993,0.37864861735243294,-0.9255405040175664,-0.9914448613738104,0.13052619222005213,0.9510565162951536,-0.30901699437494734,404,False,True,False,864.0,0.08468468468468468
2025-03-08,57,13,30,48,47,401,8615,3050,82.5,144,0.0,19.05,102,12.2,5.0,19.0,76.0,52.6,24.0,22.0,14.3,7.0,1015.5,1012.7,1009.5,0.0,5,1,43,60.33333333333334,98.26666666666668,29.99047683826626,0.5263157894736842,4.223076923076923,0.13052619222005157,0.9914448613738104,0.9426414910921783,-0.333806859233771,-0.9902680687415704,0.13917310096006547,0.9537169507482269,-0.30070579950427295,358,False,False,True,1938.0,0.1172069825436409
2025-03-09,58,13,34,67,46,481,7389,2744,83.0,123,0.0,0.0,13,10.8,4.0,18.0,81.0,61.2,42.0,17.0,10.3,6.0,1009.5,1006.0,1003.5,0.0,6,1,42,54.66666666666666,77.2,29.99047683826626,0.5862068965517241,4.276923076923078,0.27563735581699916,0.9612616959383189,0.9170600743851242,-0.398749068925246,-0.9890158633619168,0.14780941112961096,0.9563047559630355,-0.29237170472273666,390,False,True,False,234.0,0.09563409563409564
2025-03-10,61,13,31,63,45,363,11049,3822,82.3,140,0.0,15.12,127,9.1,4.0,15.0,93.0,70.1,42.0,17.0,10.3,0.0,1004.5,1002.8,1001.5,0.0,0,0,39,46.833333333333336,63.26666666666668,44.951536503428784,0.5081967213114754,3.892307692307692,0.41865973753742813,0.9081431738250813,0.8849876374630419,-0.4656145203251114,-0.9876883405951378,0.15643446504023067,0.9600498543859287,-0.2798290140309919,423,False,True,False,1905.0,0.12396694214876033
2025-03-11,59,13,30,52,38,391,5757,3284,81.7,135,0.0,19.8,130,5.4,2.0,8.0,100.0,80.5,57.0,28.0,15.8,7.0,1004.5,1004.0,1002.5,0.0,1,0,41,25.666666666666657,41.66666666666666,69.91124240960865,0.5084745762711864,4.369230769230769,0.7906895737438433,0.6122172800344493,0.4656145203251116,-0.8849876374630418,-0.9862856015372313,0.1650476058606778,0.9624552364536473,-0.2714404498650742,531,False,True,False,1040.0,0.09718670076726342
2025-03-12,57,12,32,66,69,562,7226,2910,81.0,124,0.0,0.0,9,4.3,1.0,8.0,100.0,83.2,61.0,22.0,11.8,0.0,1002.5,1000.7,999.5,0.0,2,0,43,22.16666666666667,37.20000000000002,64.98095756115919,0.5614035087719298,4.508333333333334,-0.2588190451025207,0.9659258262890683,0.7743926440821857,-0.632705328562516,-0.9855560590580777,0.1693495038490245,0.964787323828813,-0.2630312144579746,261,False,False,True,72.0,0.12277580071174377
2025-03-13,55,12,33,105,35,430,8682,3017,82.2,149,0.0,4.94,80,3.3,0.0,7.0,100.0,84.3,57.0,20.0,9.2,2.0,1004.5,1001.0,998.5,0.0,3,0,45,17.16666666666667,39.133333333333326,64.98095756115919,0.6,5.1499999999999995,0.11753739745783764,0.9930684569549263,0.8660254037844387,-0.49999999999999983,-0.9840406976462908,0.177943545473842,0.9670459389139432,-0.2546019482055275,346,False,False,True,560.0,0.08139534883720931
2025-03-14,63,13,33,79,51,439,13385,2860,82.5,123,0.0,0.0,31,3.3,0.0,7.0,93.0,71.5,49.0,24.0,13.6,4.0,1017.5,1010.1,1004.5,0.0,4,0,37,17.16666666666667,57.66666666666666,64.98095756115919,0.5238095238095238,3.2461538461538457,0.4265687399014583,0.904455145454368,0.5664062369248332,-0.8241261886220155,-0.9824503977255098,0.18652403600873432,0.9702957262759965,-0.24192189559966779,418,False,True,False,217.0,0.11617312072892938
2025-03-15,56,12,33,61,61,435,15139,2847,82.7,130,0.0,0.0,24,3.9,1.0,7.0,87.0,67.1,49.0,28.0,19.7,11.0,1022.5,1020.6,1017.5,0.0,5,1,44,19.833333333333343,64.6,69.9944449587525,0.5892857142857143,4.266666666666667,0.0697564737441253,0.9975640502598242,0.8503522249955631,-0.5262139236518693,-0.9807852804032304,0.1950903220161283,0.9723699203976767,-0.23344536385590514,331,False,False,True,168.0,0.14022988505747128
2025-03-16,59,13,33,50,46,525,7566,2956,83.0,151,0.0,0.0,66,4.7,0.0,9.0,93.0,76.6,53.0,22.0,13.8,7.0,1026.5,1023.8,1022.5,0.0,6,1,41,22.83333333333333,51.599999999999994,54.98518762303531,0.559322033898305,4.315384615384615,0.004363309284746571,0.9999904807207345,0.6560590289905073,-0.754709580222772,-0.9799247046208297,0.19936793441719694,0.9743700647852352,-0.2249510543438648,315,False,False,True,594.0,0.08761904761904762
2025-03-17,62,12,32,60,53,389,8305,2897,83.0,136,0.0,0.0,8,6.3,3.0,10.0,81.0,60.0,40.0,26.0,17.5,9.0,1031.5,1029.0,1026.5,0.0,0,0,38,32.16666666666667,79.33333333333333,64.98095756115919,0.5161290322580645,3.641666666666667,0.5372996083468239,0.8433914458128857,0.5555702330196022,-0.8314696123025453,-0.9781476007338058,0.20791169081775857,0.9772311064626789,-0.21217767215644623,442,False,True,False,80.0,0.13624678663239073
2025-03-18,58,12,34,53,72,568,6214,3458,83.0,154,0.0,15.33,112,5.8,0.0,11.0,60.0,41.3,26.0,24.0,18.5,11.0,1030.5,1028.3,1025.5,0.0,1,0,42,28.0,84.86666666666666,44.972734031209576,0.5862068965517241,3.9500000000000006,-0.21217767215644653,0.9772311064626789,0.6052939880428945,-0.7960020025346219,-0.9762960071199335,0.21643961393810246,0.9790454724845838,-0.20364175114017755,261,False,False,True,1232.0,0.1267605633802817
2025-03-19,58,12,33,63,58,534,7365,2547,82.8,127,0.0,0.0,5,8.0,0.0,16.0,76.0,52.8,38.0,19.0,10.8,2.0,1025.5,1023.8,1022.5,0.0,2,0,42,40.0,88.8,20.0,0.5689655172413793,4.641666666666667,-0.3420201433256686,0.9396926207859084,0.904455145454368,-0.4265687399014584,-0.9743700647852352,0.22495105434386492,0.9807852804032305,-0.19509032201612797,228,True,False,False,80.0,0.10861423220973783
2025-03-20,63,13,32,107,40,463,6381,3990,82.5,136,0.0,31.04,176,10.4,2.0,18.0,93.0,64.4,37.0,17.0,7.1,0.0,1022.5,1021.4,1019.5,0.0,3,0,37,50.666666666666664,70.4,19.966673608219097,0.5079365079365079,3.692307692307693,0.5372996083468239,0.8433914458128857,0.4383711467890773,-0.898794046299167,-0.9733792584604486,0.22920039092241382,0.9832549075639546,-0.18223552549214753,437,False,True,False,3168.0,0.08639308855291576
2025-03-21,63,13,32,43,47,413,9011,2895,82.3,123,0.0,0.0,7,14.3,6.0,21.0,81.0,56.5,35.0,31.0,19.7,7.0,1019.5,1013.0,1007.5,0.0,4,0,37,68.83333333333333,85.0,24.85791237040766,0.5079365079365079,3.2538461538461543,0.35429103799771583,0.9351352096860117,0.7906895737438435,-0.6122172800344491,-0.9713420698132614,0.23768589232617307,0.984807753012208,-0.1736481776669303,388,False,True,False,147.0,0.11380145278450363
2025-03-22,60,13,33,85,56,416,7240,2798,82.3,120,0.0,0.0,0,15.2,13.0,18.0,67.0,52.1,45.0,26.0,18.7,13.0,1006.5,1003.8,1001.5,0.0,5,1,40,77.0,90.6,74.94007182771666,0.55,4.023076923076923,0.4422886902190013,0.8968727415326883,0.7163019434246544,-0.69779045984168,-0.9692309097067545,0.2461532930289925,0.9862856015372314,-0.1650476058606777,408,False,True,False,0.0,0.1346153846153846
2025-03-23,63,13,31,28,48,365,14119,3856,81.7,148,0.0,15.25,129,13.5,10.0,17.0,82.0,69.4,55.0,19.0,13.0,6.0,1009.5,1003.9,1000.5,0.0,6,1,37,67.5,62.400000000000006,65.0,0.492063492063492,3.269230769230769,0.9983916705573488,0.05669278756337759,-0.15643446504023073,-0.9876883405951378,-0.9670459389139432,0.2546019482055274,0.9883615104677607,-0.1521233861899167,648,False,True,False,2193.0,0.13150684931506848
2025-03-24,54,13,33,98,70,688,7557,3210,82.0,139,0.0,20.07,128,8.7,6.0,13.0,100.0,86.2,67.0,22.0,13.7,6.0,1020.5,1015.2,1009.5,0.0,0,0,46,46.166666666666664,31.200000000000017,64.69655352046584,0.6111111111111112,4.1923076923076925,-0.5187732581605222,0.854911870672946,0.6052939880428945,-0.7960020025346219,-0.9659258262890682,0.25881904510252113,0.9896513868196702,-0.14349262199117918,175,True,False,False,1664.0,0.10174418604651163
2025-03-25,58,12,33,59,42,399,11169,3434,82.2,159,3.0,15.0,128,8.1,5.0,11.0,100.0,84.1,71.0,22.0,14.8,9.0,1022.5,1020.6,1019.5,0.0,1,0,42,40.166666666666664,29.933333333333337,69.9944449587525,0.5689655172413793,4.608333333333333,0.4305110968082951,0.9025852843498606,0.7040147244559682,-0.7101853756232854,-0.9636304532086231,0.26723837607825673,0.9914448613738105,-0.13052619222005138,400,False,True,False,1408.0,0.10526315789473684
2025-03-26,61,13,31,51,42,378,7703,3456,82.6,135,0.0,19.69,107,8.3,4.0,12.0,100.0,82.7,67.0,19.0,10.7,0.0,1025.5,1024.5,1022.5,0.0,2,0,39,40.5,33.53333333333333,59.9625175616648,0.5081967213114754,3.4076923076923076,0.25038000405444144,0.9681476403781077,0.9081431738250815,-0.4186597375374278,-0.9612616959383188,0.2756373558169994,0.9925461516413221,-0.12186934340514737,354,False,False,True,1284.0,0.1111111111111111
2025-03-27,57,13,31,85,33,323,8907,3162,83.0,118,0.0,0.0,14,8.0,1.0,15.0,100.0,78.6,51.0,13.0,7.8,0.0,1024.5,1021.0,1016.5,0.0,3,0,43,40.0,46.93333333333334,30.0,0.543859649122807,3.5538461538461537,0.5224985647159488,0.8526401643540923,0.8987940462991669,-0.4383711467890775,-0.9588197348681932,0.2840153447039223,0.9935718556765875,-0.11320321376790671,420,False,True,False,210.0,0.1021671826625387
2025-03-28,63,13,31,64,54,462,16839,3855,83.0,159,2.02,0.0,78,7.3,3.0,11.0,100.0,88.5,71.0,28.0,14.8,6.0,1015.5,1012.5,1010.5,0.0,4,0,37,35.5,27.0,59.9625175616648,0.492063492063492,3.253846153846154,0.27144044986507426,0.9624552364536473,0.7101853756232853,-0.7040147244559685,-0.9575713608048143,0.2881962681340896,0.9949685182509117,-0.10018806161207598,356,False,False,True,858.0,0.11688311688311688
2025-03-29,63,13,29,22,28,186,23964,3605,83.0,130,0.0,0.0,3,6.8,1.0,11.0,100.0,82.3,66.0,26.0,14.1,2.0,1021.5,1018.9,1014.5,0.0,5,1,37,31.33333333333333,34.46666666666667,49.78711984626521,0.4603174603174603,3.0999999999999996,0.9575713608048144,0.2881962681340894,0.8681988144891423,-0.49621650367520825,-0.9550199444571867,0.2965415749755707,0.9958049275746618,-0.09150161866340217,584,False,True,False,33.0,0.15053763440860216
2025-03-30,63,13,30,32,63,597,10304,4038,82.9,137,0.0,0.0,129,8.0,8.0,8.0,81.0,74.8,71.0,31.0,30.0,28.0,1016.5,1016.0,1015.5,0.0,6,1,37,40.0,48.79999999999998,100.0,0.4761904761904761,3.9461538461538463,0.5482932295199138,0.8362861558477596,-0.04797812852134395,-0.9988483864849507,-0.8410390129643925,0.5409744713679937,0.9411760152563707,-0.3379167180033268,362,False,False,True,1032.0,0.10552763819095477
2025-03-31,58,13,29,94,53,558,9902,2849,82.9,141,0.0,8.02,42,8.5,5.0,12.0,87.0,72.3,51.0,22.0,16.2,9.0,1030.5,1027.1,1022.5,0.0,0,0,42,42.5,59.79999999999998,65.0,0.5,3.784615384615385,0.25038000405444144,0.9681476403781077,0.4383711467890773,-0.898794046299167,-0.8362861558477594,0.5482932295199139,0.9455185755993168,-0.3255681544571564,285,False,False,True,504.0,0.09498207885304659
2025-04-01,55,13,30,78,55,523,9430,3241,82.9,130,0.0,12.4,104,8.7,4.0,14.0,100.0,71.3,38.0,28.0,17.3,7.0,1030.5,1028.5,1026.5,0.0,1,0,45,44.5,60.46666666666667,49.97000899460404,0.5454545454545454,4.6230769230769235,0.004363309284746571,0.9999904807207345,0.7040147244559682,-0.7101853756232854,-0.8338858220671683,0.551936985312058,0.9483236552061994,-0.317304656405092,227,True,False,False,1456.0,0.10516252390057361
2025-04-02,55,12,31,104,46,579,10498,3654,82.9,140,0.0,18.45,142,11.6,6.0,17.0,76.0,58.7,39.0,33.0,22.4,13.0,1027.5,1024.7,1021.5,0.0,2,0,45,57.666666666666664,84.2,44.99696978044453,0.5636363636363636,5.058333333333334,-0.17794354547384153,0.9840406976462909,0.6626200482157374,-0.7489557207890022,-0.8290375725550421,0.5591929034707462,0.9510565162951536,-0.30901699437494734,183,True,False,False,2414.0,0.07944732297063903
2025-04-03,59,13,32,52,46,541,10327,3825,82.8,146,0.0,12.21,197,14.5,9.0,20.0,71.0,52.1,33.0,30.0,19.7,11.0,1024.5,1022.9,1021.5,0.0,3,0,41,72.5,95.93333333333334,45.0,0.5423728813559322,4.507692307692308,-0.03053851320982367,0.9995335908367129,0.7071067811865476,-0.7071067811865475,-0.8241261886220159,0.5664062369248325,0.9550199444571866,-0.29654157497557104,215,True,False,False,3940.0,0.08502772643253234
2025-04-04,58,12,34,63,40,560,13598,3797,82.8,155,5.03,15.85,185,14.1,6.0,20.0,81.0,56.0,37.0,26.0,15.9,4.0,1022.5,1020.8,1018.5,0.0,4,0,42,66.83333333333334,84.0,29.71249518347281,0.5862068965517241,5.116666666666667,-0.0218148850345609,0.9997620270799091,0.6052939880428945,-0.7960020025346219,-0.8191520442889918,0.573576436351046,0.9575713608048144,-0.2881962681340895,215,True,False,False,3700.0,0.07142857142857142
2025-04-05,59,13,35,65,65,464,11752,2857,82.6,127,0.0,0.0,65,10.4,7.0,15.0,100.0,64.8,39.0,31.0,23.0,11.0,1022.5,1020.5,1019.5,0.0,5,1,41,53.99999999999999,64.13333333333333,59.85028020023054,0.5932203389830508,3.8615384615384616,0.14349262199117932,0.9896513868196702,0.7343225094356858,-0.6788007455329416,-0.816641555161679,0.5771451900372334,0.9600498543859287,-0.2798290140309919,252,False,False,True,975.0,0.1400862068965517
2025-04-06,58,12,35,67,47,510,11351,2831,82.4,117,0.0,0.0,46,8.3,4.0,12.0,71.0,48.3,33.0,26.0,22.0,13.0,1027.5,1025.3,1022.5,0.0,6,1,42,40.5,98.46666666666664,59.9625175616648,0.603448275862069,5.066666666666666,-0.034899496702500823,0.9993908270190958,0.7933533402912352,-0.6087614290087207,-0.8115739819650127,0.5842496656374337,0.9624552364536473,-0.2714404498650742,209,True,False,False,552.0,0.09215686274509804
2025-04-07,56,13,37,55,48,487,16891,3450,82.2,149,5.05,0.0,90,8.0,2.0,13.0,81.0,58.5,38.0,22.0,13.2,4.0,1027.5,1026.9,1026.5,0.0,0,0,44,38.33333333333334,81.66666666666667,44.92429452713898,0.6607142857142857,4.730769230769232,-0.05669278756337689,0.9983916705573489,0.8638355052043958,-0.5037739770455263,-0.8064446042674829,0.591309648363582,0.9659258262890683,-0.25881904510252085,202,True,False,False,1170.0,0.09856262833675565
2025-04-08,57,13,34,66,42,452,9640,3644,82.0,138,0.0,19.45,144,8.7,4.0,14.0,87.0,63.8,41.0,20.0,14.5,6.0,1029.5,1027.9,1026.5,0.0,1,0,43,44.5,72.13333333333333,49.97000899460404,0.5964912280701754,4.553846153846154,0.02617694830787315,0.9996573249755573,0.8638355052043958,-0.5037739770455263,-0.8012538126910608,0.598324600570659,0.9681476403781077,-0.2503800040544414,219,True,False,False,2016.0,0.09292035398230089
2025-04-09,58,12,34,46,33,460,9648,3517,81.0,141,0.0,15.18,130,8.0,5.0,11.0,87.0,74.8,62.0,26.0,15.7,7.0,1029.5,1027.4,1025.5,0.0,2,0,42,40.0,50.79999999999998,70.0,0.5862068965517241,5.2250000000000005,0.02617694830787315,0.9996573249755573,0.8638355052043958,-0.5037739770455263,-0.7986355100472932,0.6018150231520479,0.9702957262759965,-0.24192189559966779,218,True,False,False,1430.0,0.07173913043478261
2025-04-10,59,13,34,69,40,484,12419,4187,82.0,164,5.03,24.25,240,9.1,4.0,13.0,93.0,75.3,63.0,26.0,15.7,7.0,1029.5,1027.4,1025.5,0.0,3,0,41,43.50000000000001,45.79999999999998,54.86686361441297,0.576271186440678,4.753846153846154,-0.013089595571344759,0.999914327574007,0.8571673007021123,-0.5150380749100543,-0.7933533402912352,0.6087614290087207,0.9733792584604485,-0.22920039092241415,207,True,False,False,3120.0,0.08264462809917356
2025-04-11,59,13,34,84,56,534,9012,3586,82.0,152,0.0,8.12,155,9.9,3.0,16.0,100.0,80.1,59.0,22.0,11.7,4.0,1026.5,1022.2,1018.5,0.0,4,0,41,48.166666666666664,40.599999999999994,34.95898729775702,0.576271186440678,4.476923076923077,-0.24192189559966787,0.9702957262759965,0.8433914458128858,-0.5372996083468236,-0.7880107536067218,0.6156614753256585,0.9753423205085127,-0.22069743502150116,152,True,False,False,2480.0,0.10486891385767791
2025-04-12,60,13,34,39,43,408,11587,3238,82.0,174,3.01,0.0,40,15.0,6.0,23.0,100.0,63.0,33.0,26.0,14.8,0.0,1018.5,1010.4,1001.5,3.8,5,1,40,73.33333333333333,69.33333333333334,14.95099451884616,0.5666666666666667,4.315384615384615,0.29237170472273677,0.9563047559630354,0.816641555161679,-0.5771451900372335,-0.785316930880745,0.619093949309834,0.9772311064626789,-0.21217767215644623,275,False,False,True,920.0,0.1053921568627451
2025-04-13,63,13,33,56,46,443,11154,2779,82.0,119,0.0,0.0,24,13.9,11.0,17.0,94.0,72.5,48.0,33.0,22.3,17.0,1007.5,1000.2,998.5,0.0,6,1,37,69.83333333333334,57.0,69.9944449587525,0.5238095238095238,3.853846153846154,0.7313537016191705,0.6819983600624985,0.3131638064837494,-0.949699126201877,-0.7798844830928816,0.6259234721840593,0.9790454724845838,-0.20364175114017755,393,False,True,False,408.0,0.1038374717832957
2025-04-14,62,13,32,80,49,391,15754,3804,82.5,156,7.98,12.29,138,12.6,9.0,16.0,94.0,70.1,48.0,20.0,14.7,7.0,1009.5,1007.5,1003.5,0.0,0,0,38,62.666666666666664,58.599999999999994,64.99523841913313,0.5161290322580645,3.269230769230769,0.19509032201612825,0.9807852804032304,0.9440890203927843,-0.3296906452627872,-0.7743926440821857,0.6327053285625159,0.981627183447664,-0.1908089953765448,248,True,False,False,2208.0,0.12531969309462915
2025-04-15,63,14,32,81,42,534,6371,2741,83.0,134,0.0,4.01,34,14.5,10.0,21.0,100.0,73.5,56.0,33.0,17.2,4.0,1003.5,998.9,996.5,1.5,1,0,37,75.83333333333333,47.0,44.6977999232098,0.5079365079365079,3.642857142857143,0.25460194820552756,0.9670459389139432,0.48480962024633717,-0.8746197071393957,-0.7688418320734595,0.6394390019805849,0.9832549075639546,-0.18223552549214753,260,False,False,True,714.0,0.07865168539325842
2025-04-16,57,13,32,59,51,482,8701,4380,83.0,144,0.0,54.09,288,10.8,9.0,12.0,100.0,76.7,62.0,20.0,11.4,2.0,1012.5,1007.3,1000.5,0.0,2,0,43,53.0,40.866666666666674,84.9003311294585,0.5614035087719298,4.361538461538461,0.28401534470392265,0.958819734868193,0.6560590289905073,-0.754709580222772,-0.7660444431189781,0.6427876096865393,0.984807753012208,-0.1736481776669303,266,False,False,True,3456.0,0.10580912863070539
2025-04-17,58,13,32,79,45,515,13531,3179,84.0,158,6.49,0.0,104,10.5,8.0,13.0,87.0,71.8,54.0,15.0,8.8,2.0,1014.5,1012.9,1011.5,0.0,3,0,42,52.5,58.133333333333326,75.0,0.5517241379310345,4.684615384615385,-0.061048539534856866,0.9981347984218669,0.8141155183563192,-0.5807029557109398,-0.7604059656000308,0.6494480483301839,0.9862856015372314,-0.1650476058606777,184,True,False,False,1352.0,0.08737864077669903
2025-04-18,58,13,32,93,54,486,7544,3398,84.0,146,0.0,9.48,148,10.4,7.0,16.0,93.0,74.1,45.0,19.0,9.4,4.0,1016.5,1014.5,1013.5,0.0,4,0,42,55.666666666666664,58.599999999999994,54.55406142092197,0.5517241379310345,4.446153846153846,0.3947438563842672,0.9187912101488983,0.5771451900372336,-0.8166415551616789,-0.7547095802227722,0.656059028990507,0.9876883405951377,-0.15643446504023104,289,False,False,True,2368.0,0.1111111111111111
2025-04-19,63,13,31,42,38,358,45992,6087,84.0,143,0.0,4.01,145,9.5,5.0,14.0,93.0,73.0,54.0,20.0,14.2,6.0,1013.5,1010.8,1008.5,0.0,5,1,37,47.5,53.33333333333334,55.0,0.492063492063492,3.3461538461538463,0.5372996083468239,0.8433914458128857,0.7986355100472927,-0.6018150231520484,-0.7489557207890021,0.6626200482157375,0.9896513868196702,-0.14349262199117918,324,False,False,True,2030.0,0.10614525139664804
2025-04-20,58,13,34,67,46,481,9304,4100,83.0,162,0.0,3.64,96,9.7,3.0,15.0,93.0,77.5,59.0,19.0,11.0,4.0,1008.5,1007.7,1007.5,2.2,6,1,42,46.166666666666664,47.0,39.864042924941046,0.5862068965517241,4.276923076923078,0.34611705707749296,0.9381913359224842,0.5187732581605218,-0.8549118706729464,-0.7460573750616997,0.6658816660008341,0.9908658973868822,-0.13485093027372297,274,False,False,True,1440.0,0.09563409563409564
2025-04-21,56,13,32,50,52,612,5234,2756,83.0,137,0.0,0.0,32,11.4,9.0,14.0,100.0,90.4,77.0,15.0,7.2,4.0,1013.5,1009.6,1007.5,1.0,0,0,44,57.333333333333336,21.73333333333335,74.99333422198526,0.5714285714285714,4.2153846153846155,0.13917310096006544,0.9902680687415704,0.16074256560382594,-0.9869963665602319,-0.740218127486832,0.6723668074346681,0.992004949679715,-0.1261989691358298,223,True,False,False,448.0,0.08496732026143791
2025-04-22,56,14,34,49,61,739,7879,3097,83.0,130,0.0,6.07,32,11.6,8.0,15.0,100.0,84.5,63.0,22.0,13.4,2.0,1018.5,1016.4,1013.5,0.0,1,0,44,57.666666666666664,35.0,64.99523841913313,0.6071428571428571,3.678571428571429,-0.7071067811865477,0.7071067811865474,0.49621650367520803,-0.8681988144891424,-0.7343225094356858,0.6788007455329415,0.9930684569549263,-0.1175373974578378,9,True,False,False,480.0,0.08254397834912043
2025-04-23,61,12,35,80,64,617,9824,3174,83.0,169,5.01,0.0,59,11.9,7.0,15.0,100.0,83.7,63.0,15.0,9.0,2.0,1018.5,1015.0,1013.5,5.5,2,0,39,56.49999999999999,35.53333333333333,59.66391193980258,0.5737704918032787,4.408333333333333,-0.3542910379977158,0.9351352096860117,0.5336145159156117,-0.8457278217039732,-0.7283709698824004,0.6851829903263591,0.9940563382223196,-0.10886687485196461,104,True,False,False,885.0,0.10372771474878444
2025-04-24,61,13,35,23,50,432,7468,2688,83.0,110,0.0,0.0,0,11.1,10.0,13.0,100.0,91.9,82.0,24.0,15.8,11.0,1021.5,1018.2,1015.5,2.5,3,0,39,56.833333333333336,17.400000000000006,84.82326341622372,0.5737704918032787,3.6538461538461537,0.02181488503456112,0.9997620270799091,0.9099612708765433,-0.4146932426562388,-0.7253743710122879,0.6883545756937537,0.9949685182509117,-0.10018806161207598,191,True,False,False,0.0,0.11574074074074074
2025-04-25,58,12,36,75,37,409,11316,4109,82.0,167,8.01,9.68,238,10.4,8.0,13.0,93.0,79.4,63.0,17.0,12.6,6.0,1023.5,1022.8,1021.5,1.3,4,0,42,52.333333333333336,43.06666666666666,74.99333422198526,0.6206896551724138,5.075,-0.1993679344171965,0.9799247046208297,0.9988483864849507,-0.04797812852134401,-0.7193398003386517,0.6946583704589967,0.9958049275746618,-0.09150161866340217,138,True,False,False,3094.0,0.09046454767726161
2025-04-26,60,12,38,80,45,516,11464,3867,81.7,142,0.0,12.12,68,11.8,6.0,17.0,100.0,78.6,48.0,17.0,11.7,4.0,1023.5,1023.2,1022.5,2.1,5,1,40,58.0,48.93333333333334,44.972734031209576,0.6333333333333333,5.058333333333334,0.09584575252022398,0.9953961983671789,0.6626200482157374,-0.7489557207890022,-0.713250449154182,0.7009092642998506,0.9965655024977614,-0.08280820751220423,204,True,False,False,1156.0,0.0872093023255814
2025-04-27,58,13,34,67,46,481,26573,4699,81.3,154,0.0,12.5,150,14.1,8.0,20.0,100.0,65.9,40.0,11.0,6.8,2.0,1027.5,1025.0,1023.5,0.0,6,1,42,70.16666666666666,62.73333333333332,39.99722228651966,0.5862068965517241,4.276923076923078,-0.3296906452627871,0.9440890203927843,0.4422886902190013,-0.8968727415326883,-0.7101853756232854,0.7040147244559684,0.9972501850994857,-0.07410849019539922,104,True,False,False,3000.0,0.09563409563409564
2025-04-28,57,13,38,54,65,843,3201,2972,81.0,137,0.0,22.49,80,14.4,7.0,21.0,100.0,63.8,35.0,19.0,6.8,0.0,1028.5,1027.1,1026.5,0.0,0,0,43,70.66666666666666,67.46666666666667,29.961915122318388,0.6666666666666666,4.3,-0.6946583704589976,0.7193398003386509,0.18652403600873463,-0.9824503977255097,-0.7040147244559687,0.7101853756232851,0.9978589232386035,-0.06540312923014292,3,True,False,False,1680.0,0.0771055753262159
2025-04-29,56,13,39,34,56,482,16306,3896,81.6,188,10.01,6.82,174,15.2,8.0,21.0,100.0,68.8,40.0,17.0,8.8,2.0,1028.5,1027.0,1025.5,0.0,1,0,44,73.66666666666667,60.79999999999998,34.87448016842143,0.6964285714285714,4.46923076923077,-0.29237170472273627,0.9563047559630357,0.9600498543859287,-0.2798290140309919,-0.6977904598416802,0.7163019434246541,0.9983916705573488,-0.05669278756337747,109,True,False,False,3654.0,0.11618257261410789
2025-04-30,59,13,38,59,44,492,6440,3189,82.3,175,0.0,24.07,129,17.7,11.0,24.0,94.0,68.1,41.0,15.0,8.5,6.0,1025.5,1023.5,1021.5,0.0,2,0,41,87.83333333333333,64.6,34.98974439880017,0.6440677966101694,4.63076923076923,-0.16074256560382694,0.9869963665602318,0.8929789434111371,-0.4500984410374348,-0.6915130557822693,0.7223639620597557,0.9988483864849507,-0.04797812852134401,138,True,False,False,3096.0,0.08943089430894309
2025-05-01,59,12,40,54,39,423,12741,3950,82.3,149,5.67,29.52,231,19.5,11.0,27.0,100.0,63.1,30.0,19.0,7.8,0.0,1021.5,1018.3,1015.5,0.0,3,0,41,95.83333333333334,71.26666666666668,19.94793360984781,0.6779661016949152,5.0249999999999995,-0.24192189559966787,0.9702957262759965,0.9883615104677607,-0.1521233861899167,-0.688354575693754,0.7253743710122876,0.9992290362407229,-0.03925981575906855,118,True,False,False,6237.0,0.09219858156028368
2025-05-02,63,14,36,35,41,392,7531,3462,82.4,163,0.0,0.0,146,17.9,12.0,24.0,100.0,67.2,38.0,22.0,9.5,0.0,1015.5,1014.4,1013.5,0.0,4,0,37,89.83333333333333,63.20000000000002,39.99722228651966,0.5714285714285714,3.2928571428571423,0.4656145203251114,0.8849876374630419,0.760405965600031,-0.6494480483301835,-0.6819983600624984,0.7313537016191707,0.9995335908367129,-0.030538513209822697,283,False,False,True,3504.0,0.10459183673469388
2025-05-03,59,13,37,56,33,448,11128,4192,82.4,142,0.0,74.13,267,12.7,9.0,17.0,82.0,65.7,42.0,28.0,14.9,4.0,1015.5,1012.6,1010.5,0.0,5,1,41,64.5,73.53333333333335,59.9625175616648,0.6271186440677966,4.923076923076923,-0.17364817766693127,0.9848077530122079,0.9743700647852352,-0.2249510543438648,-0.6755902076156605,0.7372773368101239,0.9997620270799091,-0.021814885034561256,130,True,False,False,4539.0,0.07366071428571429
2025-05-04,62,15,34,84,47,448,3926,2753,82.5,131,0.0,0.0,29,10.1,6.0,13.0,87.0,67.1,51.0,28.0,19.3,9.0,1016.5,1014.9,1013.5,0.0,6,1,38,48.50000000000001,63.26666666666668,64.82898920986204,0.5483870967741935,2.966666666666667,0.4617486132350339,0.8870108331782217,0.5519369853120583,-0.8338858220671681,-0.6723668074346678,0.7402181274868324,0.999914327574007,-0.013089595571344452,279,False,False,True,377.0,0.10491071428571429
2025-05-05,58,13,35,69,48,606,23412,3611,82.5,165,8.02,0.0,110,9.5,4.0,15.0,93.0,63.6,38.0,31.0,16.6,0.0,1022.5,1018.9,1016.5,0.0,0,0,42,47.5,70.26666666666668,45.0,0.603448275862069,4.653846153846154,-0.15212338618991633,0.9883615104677608,0.6052939880428945,-0.7960020025346219,-0.6658816660008344,0.7460573750616993,0.9999904807207345,-0.00436330928474646,132,True,False,False,1650.0,0.07920792079207921
2025-05-06,58,13,34,57,61,508,9466,3366,82.6,133,0.0,14.63,94,9.5,4.0,13.0,87.0,72.2,58.0,22.0,14.5,6.0,1023.5,1022.7,1022.5,0.0,1,0,42,44.16666666666667,55.20000000000002,54.63114137061267,0.5862068965517241,4.207692307692308,0.11320321376790672,0.9935718556765875,0.7040147244559682,-0.7101853756232854,-0.6593458151000687,0.7518398074789775,0.9999904807207345,0.004363309284746804,191,True,False,False,1222.0,0.12007874015748031
2025-05-07,56,13,34,81,42,488,19131,4076,82.1,174,9.03,20.27,241,11.1,7.0,16.0,87.0,69.3,52.0,24.0,15.5,7.0,1023.5,1021.8,1020.5,0.0,2,0,44,56.833333333333336,61.133333333333326,54.94077970788516,0.6071428571428571,4.861538461538462,-0.01745240643728445,0.9998476951563913,0.8410390129643925,-0.5409744713679938,-0.6560590289905074,0.7547095802227719,0.9999619230641713,0.008726535498373897,160,True,False,False,3856.0,0.0860655737704918
2025-05-08,60,13,33,61,34,407,13169,3931,82.4,157,6.58,30.75,254,13.1,8.0,19.0,93.0,63.7,34.0,22.0,13.3,9.0,1020.5,1019.3,1018.5,0.0,3,0,40,66.83333333333334,72.86666666666667,44.951536503428784,0.55,4.592307692307692,0.09150161866340238,0.9958049275746618,0.9469301294951057,-0.3214394653031616,-0.6494480483301842,0.7604059656000305,0.9998476951563913,0.017452406437283376,183,True,False,False,4826.0,0.08353808353808354
2025-05-09,62,14,34,37,46,420,7296,2618,82.1,119,0.0,0.0,2,14.3,8.0,19.0,81.0,53.5,37.0,24.0,15.8,7.0,1022.5,1021.3,1020.5,0.0,4,0,38,68.83333333333333,85.66666666666667,44.806401337353144,0.5483870967741935,3.942857142857143,0.07410849019539924,0.9972501850994857,0.8808907382053855,-0.4733196671848433,-0.6427876096865396,0.7660444431189778,0.9996573249755573,0.02617694830787314,177,True,False,False,38.0,0.10952380952380952
2025-05-10,59,13,34,111,41,474,6898,2681,81.8,116,0.0,0.0,0,15.8,8.0,21.0,81.0,53.2,35.0,26.0,15.2,6.0,1022.5,1020.3,1017.5,0.0,5,1,41,74.66666666666666,87.2,34.56810156098683,0.576271186440678,4.823076923076924,0.05233595624294383,0.9986295347545738,0.816641555161679,-0.5771451900372335,-0.6394390019805852,0.7688418320734591,0.9993908270190958,0.03489949670250108,171,True,False,False,0.0,0.08649789029535865
2025-05-11,58,13,37,64,38,443,7742,2387,81.8,101,0.0,0.0,0,18.2,11.0,24.0,76.0,48.7,25.0,28.0,16.6,6.0,1017.5,1014.4,1011.5,0.0,6,1,42,88.66666666666667,99.8,34.87448016842143,0.6379310344827587,4.592307692307692,0.05669278756337751,0.9983916705573488,0.8681988144891423,-0.49621650367520825,-0.6327053285625163,0.7743926440821854,0.9992290362407229,0.039259815759068666,170,True,False,False,0.0,0.08577878103837472
2025-05-12,60,13,35,86,39,447,8979,2698,81.9,116,0.0,0.0,0,19.0,13.0,24.0,67.0,46.9,31.0,24.0,18.4,11.0,1015.5,1013.4,1012.5,0.0,0,0,40,93.33333333333334,96.6,44.92429452713899,0.5833333333333334,4.707692307692308,0.17364817766693033,0.984807753012208,0.8457278217039732,-0.5336145159156115,-0.6259234721840596,0.7798844830928813,0.9988483864849507,0.04797812852134391,195,True,False,False,0.0,0.087248322147651
2025-05-13,61,13,34,77,36,394,4365,2707,81.9,145,0.0,0.0,33,17.3,12.0,22.0,67.0,45.5,31.0,28.0,19.9,15.0,1019.5,1018.3,1016.5,0.0,1,0,39,85.49999999999999,95.66666666666669,49.97000899460404,0.5573770491803278,4.476923076923077,0.5555702330196022,0.8314696123025452,0.7372773368101241,-0.6755902076156602,-0.6225146366376197,0.7826081568524138,0.9983916705573488,0.05669278756337759,289,False,False,True,726.0,0.09137055837563451
2025-05-14,58,14,33,73,47,477,2629,2622,81.9,120,0.0,0.0,2,13.8,10.0,19.0,82.0,69.0,45.0,28.0,17.4,7.0,1020.5,1020.0,1019.5,0.0,2,0,42,71.33333333333333,69.33333333333334,54.8188830003802,0.5689655172413793,3.8428571428571425,0.4305110968082951,0.9025852843498606,0.5112930860770525,-0.8594064115014525,-0.6156614753256588,0.7880107536067215,0.9981347984218669,0.06104853953485691,254,False,False,True,38.0,0.09853249475890985
2025-05-15,58,13,33,68,51,475,2447,2589,81.9,120,0.0,0.0,10,12.6,7.0,18.0,93.0,66.4,37.0,31.0,22.2,13.0,1024.5,1021.2,1019.5,0.0,3,0,42,62.666666666666664,69.06666666666666,44.99696978044453,0.5689655172413793,4.323076923076923,0.7688418320734596,0.6394390019805847,0.16074256560382594,-0.9869963665602319,-0.6122172800344494,0.7906895737438433,0.9975640502598242,0.06975647374412546,352,False,False,True,180.0,0.10736842105263159
2025-05-16,55,13,34,92,44,574,7981,2586,82.0,109,0.0,0.0,0,10.6,6.0,14.0,100.0,80.0,63.0,26.0,15.8,6.0,1024.5,1022.5,1020.5,0.0,4,0,45,51.00000000000001,38.0,59.85028020023053,0.6181818181818182,4.846153846153846,0.6293203910498374,0.7771459614569709,-0.052335956242943564,-0.9986295347545738,-0.6052939880428949,0.7960020025346217,0.9972501850994857,0.07410849019539913,305,False,False,True,0.0,0.07665505226480836
2025-05-17,55,13,34,92,56,536,9005,2966,82.0,145,0.0,0.0,51,12.7,9.0,17.0,100.0,77.9,55.0,26.0,16.1,6.0,1020.5,1019.0,1018.5,0.0,5,1,45,64.5,44.73333333333332,59.9625175616648,0.6181818181818182,4.5076923076923086,0.3090169943749474,0.9510565162951535,0.41865973753742797,-0.9081431738250814,-0.6018150231520483,0.7986355100472928,0.9965655024977614,0.08280820751220458,220,True,False,False,867.0,0.1044776119402985
2025-05-18,55,13,34,71,41,468,6733,2649,82.0,116,0.0,0.0,0,13.9,11.0,18.0,88.0,72.9,55.0,26.0,15.6,9.0,1019.5,1017.9,1017.5,0.0,6,1,45,71.5,56.06666666666666,64.82898920986204,0.6181818181818182,4.823076923076924,0.36650122672429725,0.9304175679820246,0.6626200482157374,-0.7489557207890022,-0.594822786751341,0.8038568606172175,0.9961946980917455,0.08715574274765814,232,True,False,False,0.0,0.0876068376068376
2025-05-19,52,12,36,71,44,519,13199,3040,81.7,151,8.5,0.0,112,15.1,8.0,20.0,100.0,66.4,40.0,24.0,13.1,4.0,1021.5,1020.2,1019.5,0.0,0,0,48,71.83333333333334,62.400000000000006,39.66482507414656,0.6923076923076923,5.266666666666667,-0.06540312923014367,0.9978589232386035,0.7906895737438435,-0.6122172800344491,-0.5913096483635824,0.8064446042674825,0.9953961983671787,0.09584575252022408,130,True,False,False,2240.0,0.08477842003853564
2025-05-20,53,12,38,84,40,542,9078,3209,81.4,131,0.0,14.81,89,14.9,9.0,20.0,94.0,66.9,35.0,26.0,14.1,6.0,1020.5,1019.1,1018.5,0.0,1,0,47,73.16666666666666,69.4,44.951536503428784,0.7169811320754716,5.583333333333333,-0.2206974350215017,0.9753423205085126,0.8290375725550417,-0.5591929034707467,-0.5842496656374341,0.8115739819650125,0.9949685182509117,0.10018806161207654,92,True,False,False,1780.0,0.07380073800738007
