Date,Sleep score,Resting heart rate,Body Battery,Breaths per minute (during sleep),HRV-status,Deep sleep (mins),REM sleep (mins),Restless moments,Duration (mins),Steps,Calories,Weight (in kilograms),Max HR,Run (kms),Ride (kms),Minutes intense exercise,AvgTemp_C,MinTemp_C,MaxTemp_C,Humidity_Max,Humidity_Avg,Humidity_Min,WindSpeed_Max,WindSpeed_Avg,WindSpeed_Min,Pressure_Max,Pressure_Avg,Pressure_Min,Precipitation_mm,BedTimeSin,BedTimeCos,WakeTimeSin,WakeTimeCos,SunsetSin,SunsetCos,SunriseSin,SunriseCos,month,dow,is_weekend,is_monday,is_friday,is_month_end,is_month_start,days_from_start,week_number,day_of_month,REM sleep (mins)_seasonal_additive_p22,REM sleep (mins)_trend_additive_p22,Restless moments_seasonal_additive_p29,Restless moments_trend_additive_p29,Duration (mins)_seasonal_multiplicative_p29,Duration (mins)_trend_multiplicative_p29,Pressure_Min_seasonal_multiplicative_p21,Pressure_Min_trend_multiplicative_p21,BedTimeSin_seasonal_additive_p15,BedTimeSin_trend_additive_p15
2025-01-01,73,58,44.0,12,29,48,48,46,466,9295,2627,76.3,119,0.0,0.0,30,8.0,6.0,9.0,93.0,85.0,76.0,61.0,42.3,17.0,1015.5,1008.2,1002.5,21.0,0.7040147244559684,0.7101853756232854,0.2461532930289932,-0.9692309097067544,-0.9351352096860116,-0.3542910379977157,0.7372773368101241,-0.6755902076156602,1,2,0,0,0,0,1,0,1,1,12.032816804407714,,-7.013376932223546,,0.7308072988057243,,0.9966915744611843,,0.049589108785682914,
2025-01-02,83,56,44.0,12,30,86,77,46,518,11470,3070,76.3,168,1.01,0.0,19,3.6,1.0,6.0,93.0,84.3,76.0,22.0,11.5,2.0,1017.5,1013.3,1007.5,3.2,0.4383711467890773,-0.898794046299167,0.964787323828813,-0.2630312144579746,-0.938191335922484,-0.3461170570774933,0.7372773368101241,-0.6755902076156602,1,3,0,0,0,0,0,1,1,2,3.9237258953168075,,9.296967895362663,,1.2767776000465534,,0.996653998940814,,0.1442757704841816,
2025-01-03,67,57,44.0,12,31,20,46,46,471,12183,2905,76.3,123,0.0,0.0,15,2.9,1.0,5.0,93.0,83.1,61.0,35.0,17.7,2.0,1020.5,1018.0,1016.5,2.1,0.3090169943749475,-0.9510565162951536,0.964787323828813,-0.2630312144579746,-0.9396926207859082,-0.3420201433256694,0.7372773368101241,-0.6755902076156602,1,4,0,0,1,0,0,2,1,3,-16.426274104683195,,5.1331747919143895,,1.081034507026261,,0.9971081521807107,,0.10154477941506534,
2025-01-04,81,58,59.0,12,32,63,92,46,460,13870,2661,76.3,130,0.0,0.0,8,2.3,0.0,4.0,100.0,92.9,87.0,24.0,13.3,6.0,1021.5,1017.1,1009.5,1.8,0.296541574975571,-0.9550199444571866,0.9762960071199334,-0.2164396139381028,-0.9411760152563706,-0.337916718003327,0.7402181274868322,-0.6723668074346679,1,5,1,0,0,0,0,3,1,4,47.22827134986226,,-1.1254458977407868,,1.037288573974516,,0.9955780034578081,,0.17362795944150805,
2025-01-05,81,55,65.0,12,34,35,82,46,489,7652,2834,76.6,136,0.0,9.1,64,4.8,0.0,12.0,100.0,95.2,81.0,41.0,25.4,11.0,1009.5,994.5,986.5,21.2,0.296541574975571,-0.9550199444571866,0.958819734868193,-0.2840153447039226,-0.9426414910921784,-0.3338068592337712,0.7402181274868322,-0.6723668074346679,1,6,1,0,0,0,0,4,1,5,29.137362258953164,,-0.41854934601664634,,1.0405935902227865,,0.9919049736124542,,-0.0025022900274048934,
2025-01-06,87,54,59.0,13,35,91,109,46,490,7936,2627,77.1,119,0.0,0.0,0,9.1,5.0,12.0,94.0,82.4,70.0,67.0,38.6,28.0,991.5,983.2,974.5,2.0,0.3338068592337712,-0.9426414910921784,0.964787323828813,-0.2630312144579746,-0.9455185755993168,-0.3255681544571566,0.7402181274868322,-0.6723668074346679,1,0,0,1,0,0,0,5,1,6,29.428271349862257,,-3.401307966706303,,0.9694573708743334,,0.991681056976126,,-0.04155752588281939,
2025-01-07,77,57,58.0,12,36,89,51,46,479,7525,3411,76.4,160,0.0,13.63,103,4.2,3.0,6.0,93.0,85.2,65.0,37.0,25.4,17.0,999.5,996.0,991.5,2.3,0.3461170570774933,-0.938191335922484,0.963630453208623,-0.2672383760782568,-0.9469301294951056,-0.3214394653031618,0.7431448254773942,-0.6691306063588582,1,1,0,0,0,0,0,6,1,7,-26.017183195592285,,-8.987514863258026,,0.9587290040807223,,0.9954401242851957,,0.06506058237022701,
2025-01-08,76,55,51.0,12,37,41,91,46,444,11443,3355,76.1,147,0.0,18.29,138,3.6,2.0,5.0,100.0,81.0,70.0,43.0,16.5,4.0,1003.5,1001.0,998.5,0.0,0.2334453638559055,-0.9723699203976766,0.9702957262759964,-0.2419218955996677,-0.9483236552061992,-0.3173046564050926,0.7431448254773942,-0.6691306063588582,1,2,0,0,0,0,0,7,2,8,24.296453168044078,,5.305588585017838,,1.0123846378389594,,0.9934342789354966,,0.00020756941659898567,0.34828037043158666
2025-01-09,79,57,63.0,12,37,65,110,46,512,6483,3261,75.5,172,0.0,14.0,130,2.5,1.0,5.0,100.0,85.5,61.0,31.0,14.5,2.0,1011.5,1003.4,998.5,3.0,0.2503800040544413,-0.9681476403781076,0.7986355100472927,-0.6018150231520484,-0.9510565162951536,-0.3090169943749475,0.7460573750616996,-0.6658816660008342,1,3,0,0,0,0,0,8,2,9,0.46008953168044164,,-0.6771700356718189,,1.0566348572832578,,0.9953864393081214,,-0.07456943807047306,0.3186006584746901
2025-01-10,66,60,43.5,12,37,54,49,46,441,18085,3837,76.2,144,0.0,0.0,144,2.8,-2.0,5.0,100.0,85.0,70.0,28.0,14.1,0.0,1021.5,1017.0,1011.5,1.7,0.1736481776669302,-0.984807753012208,0.9659258262890684,-0.2588190451025208,-0.9523957996432784,-0.3048642990280112,0.748955720789002,-0.6626200482157376,1,4,0,0,1,0,0,9,2,10,-8.476274104683192,,4.874554102259215,,1.0332611830705334,,1.000650943909437,,-0.0757630397151211,0.30997704831374817
2025-01-11,48,60,24.0,13,35,70,0,46,294,9621,3015,75.7,156,2.0,4.0,99,0.7,-4.0,7.0,100.0,89.9,71.0,20.0,7.2,0.0,1033.5,1027.2,1021.5,0.4,0.4809887689193876,0.8767267557075077,0.9659258262890684,-0.2588190451025208,-0.9550199444571866,-0.296541574975571,0.748955720789002,-0.6626200482157376,1,5,1,0,0,0,0,10,2,11,15.619180440771345,,-4.297859690844234,,0.8831595686015823,,1.0044992811061686,1014.452380952381,-0.06668440429872537,0.304372652311676
2025-01-12,87,55,58.0,12,34,103,109,46,464,8236,2393,76.2,112,0.0,0.0,9,2.8,0.0,7.0,100.0,85.9,66.0,11.0,5.6,2.0,1042.5,1038.7,1033.5,0.0,0.2206974350215011,-0.9753423205085128,0.9659258262890684,-0.2588190451025208,-0.9563047559630352,-0.2923717047227371,0.7518398074789774,-0.6593458151000688,1,6,1,0,0,0,0,11,2,12,0.49493801652892566,83.52272727272728,-10.171422909235039,,0.8909007451728055,,1.0087806166268203,1014.3095238095237,-0.06894424484673495,0.30548080107888786
2025-01-13,88,54,71.0,13,34,103,154,46,659,10670,3318,76.45,150,0.0,4.8,79,0.9,-2.0,5.0,100.0,86.3,65.0,20.0,11.0,2.0,1042.5,1040.8,1036.5,0.0,0.9081431738250816,-0.4186597375374278,0.964787323828813,-0.2630312144579746,-0.958819734868193,-0.2840153447039226,0.7547095802227719,-0.6560590289905075,1,0,0,1,0,0,0,12,2,13,13.350998622589534,82.5909090909091,4.449266745937377,,1.0592834685755885,,1.009850388701201,1013.8809523809523,0.2521381885203896,0.3035272544857336
2025-01-14,61,60,41.0,12,34,61,18,46,387,11209,3522,76.7,167,3.0,15.56,137,4.0,-1.0,8.0,100.0,91.3,80.0,30.0,15.9,7.0,1036.5,1033.8,1032.5,0.5,-0.0305385132098228,-0.9995335908367128,0.964787323828813,-0.2630312144579746,-0.9600498543859286,-0.2798290140309923,0.7575649843840495,-0.6527597524627226,1,1,0,0,0,0,0,13,2,14,-37.315668044077135,82.02272727272728,-4.4472849782005515,,0.9825047715893321,,1.008833002045483,1012.9285714285713,-0.16505758263754425,0.3027027615570263
2025-01-15,80,52,52.0,12,34,65,83,46,467,9254,3271,76.7,136,0.0,18.68,105,6.9,5.0,8.0,100.0,98.8,93.0,11.0,6.2,2.0,1035.5,1033.7,1032.5,0.0,0.2630312144579752,-0.9647873238288128,0.964787323828813,-0.2630312144579746,-0.9624552364536472,-0.2714404498650742,0.760405965600031,-0.6494480483301835,1,2,0,0,0,0,0,14,3,15,-10.440668044077137,82.29545454545455,-2.0909631391200967,46.0,0.9480788268676197,470.17241379310343,1.0076207943920947,1012.4523809523808,-0.2913654329548305,0.28485889746704973
2025-01-16,90,55,51.0,11,34,53,115,46,474,12215,3157,75.7,169,3.0,8.0,125,4.3,2.0,7.0,100.0,99.0,93.0,20.0,10.8,0.0,1037.5,1036.4,1034.5,0.0,0.258819045102521,-0.9659258262890682,0.964787323828813,-0.2630312144579746,-0.963630453208623,-0.267238376078257,0.760405965600031,-0.6494480483301835,1,3,0,0,0,0,0,15,3,16,0.7866046831955924,82.45454545454547,2.4090368608799033,46.0,0.9482507891482926,466.0,1.0079106701762648,1012.6904761904761,0.049589108785682914,0.28315665259783995
2025-01-17,86,57,50.0,13,34,60,133,46,481,13854,3187,75.9,158,0.0,4.0,124,0.6,0.0,1.0,100.0,100.0,100.0,17.0,8.9,2.0,1038.5,1037.2,1036.5,0.0,0.3090169943749475,-0.9510565162951536,0.9713420698132614,-0.237685892326173,-0.9659258262890684,-0.2588190451025206,0.763232469782529,-0.6461239796429636,1,4,0,0,1,0,0,16,3,17,20.176756198347114,81.5,3.2452437574316293,46.0,1.0070335757850197,465.9655172413793,1.003507637404409,1013.0714285714284,0.1442757704841816,0.2771808233677989
2025-01-18,74,60,38.0,12,35,38,66,46,423,12014,3188,76.9,136,0.0,7.91,89,-1.0,-2.0,0.0,100.0,99.4,93.0,15.0,9.1,2.0,1036.5,1031.8,1027.5,0.0,0.2249510543438647,-0.9743700647852352,0.9965655024977614,-0.0828082075122042,-0.9681476403781076,-0.2503800040544418,0.766044443118978,-0.6427876096865394,1,5,1,0,0,0,0,17,3,18,-28.118698347107436,80.27272727272728,-9.090963139120095,46.51724137931035,0.8343516868827174,470.0,0.9987161959050607,1012.9285714285713,0.10154477941506534,0.2745943402082518
2025-01-19,74,52,48.0,12,35,49,131,46,573,10168,2480,77.2,107,0.0,0.0,15,-0.7,-1.0,0.0,100.0,96.3,93.0,11.0,6.1,2.0,1027.5,1023.6,1021.5,0.0,0.3131638064837494,-0.949699126201877,0.7431448254773942,-0.6691306063588582,-0.9692309097067544,-0.2461532930289928,0.7716245833877202,-0.6360782202777637,1,6,1,0,0,0,0,18,3,19,-6.44824380165289,78.5,11.676278240190248,46.48275862068965,1.2649308180617977,475.44827586206895,0.9985479836404859,1012.5,0.17362795944150805,0.2404925213996378
2025-01-20,88,55,62.0,12,35,44,117,46,484,12384,2857,77.2,172,3.0,0.0,63,0.3,-1.0,1.0,100.0,95.0,93.0,17.0,12.5,0.0,1021.5,1019.3,1018.5,0.0,0.267238376078257,-0.963630453208623,0.9624552364536472,-0.2714404498650742,-0.9713420698132612,-0.2376858923261734,0.7743926440821857,-0.632705328562516,1,0,0,1,0,0,0,19,3,20,0.6509986225895295,75.54545454545455,4.236623067776459,46.62068965517241,1.094559850896259,476.2413793103448,0.9990514405722909,1012.5714285714286,-0.0025022900274048934,0.23735590424266642
2025-01-21,85,57,53.0,12,36,75,94,46,461,9945,4217,77.4,158,0.0,24.45,262,0.3,0.0,1.0,100.0,98.8,93.0,20.0,14.7,9.0,1018.5,1015.9,1011.5,0.0,0.3214394653031617,-0.9469301294951056,0.964787323828813,-0.2630312144579746,-0.9733792584604484,-0.2292003909224141,0.777145961456971,-0.6293203910498373,1,1,0,0,0,0,0,20,3,21,-44.39900137741047,74.56818181818181,-1.7202734839476819,46.62068965517241,0.9738535361317616,475.2758620689655,0.9981524433623733,1013.1428571428571,-0.04155752588281939,0.1963044729691768
2025-01-22,61,60,31.0,12,36,54,66,46,402,9028,3258,78.2,161,1.0,14.56,103,1.8,-1.0,4.0,100.0,96.8,87.0,15.0,9.2,6.0,1011.5,1004.4,999.5,4.4,0.078459095727845,-0.996917333733128,0.9713420698132614,-0.237685892326173,-0.9753423205085126,-0.2206974350215016,0.7798844830928817,-0.6259234721840591,1,2,0,0,0,0,0,21,4,22,-19.944455922865014,78.43181818181819,-4.358204518430441,46.58620689655173,0.8636678301994514,475.9310344827586,0.9966915744611843,1013.4761904761905,0.06506058237022701,0.21475059338509783
2025-01-23,74,60,34.5,13,35,50,41,46,453,8722,2984,78.2,154,0.0,0.0,72,5.5,4.0,7.0,100.0,88.3,81.0,33.0,22.2,7.0,1005.5,1002.2,998.5,3.1,0.2079116908177593,-0.9781476007338056,0.964787323828813,-0.2630312144579746,-0.9762960071199334,-0.2164396139381028,0.782608156852414,-0.6225146366376194,1,3,0,0,0,0,0,22,4,23,12.032816804407714,81.1590909090909,3.383174791914389,46.79310344827586,0.9817691339969025,476.68965517241384,0.996653998940814,1013.047619047619,0.00020756941659898567,0.18080495955263334
2025-01-24,69,61,38.0,13,34,41,43,46,433,6567,3082,77.8,134,0.0,0.0,47,7.5,5.0,9.0,93.0,88.7,81.0,43.0,28.9,15.0,1003.5,1000.0,996.5,5.3,0.1607425656038259,-0.986996366560232,0.964787323828813,-0.2630312144579746,-0.9781476007338056,-0.2079116908177598,0.788010753606722,-0.6156614753256583,1,4,0,0,1,0,0,23,4,24,3.9237258953168075,78.02272727272728,-0.6340665873959559,46.75862068965517,0.9807333798091988,476.89655172413796,0.9971081521807107,1012.5238095238094,-0.07456943807047306,0.18304180352731442
2025-01-25,46,61,22.0,14,33,73,55,46,442,6312,2612,77.4,123,0.0,0.0,12,5.3,2.0,8.0,100.0,89.7,71.0,24.0,11.3,2.0,1008.5,1004.0,999.5,0.3,0.1348509302737235,-0.990865897386882,0.9222009716704518,-0.3867109616368207,-0.9799247046208296,-0.1993679344171973,0.7906895737438435,-0.6122172800344491,1,5,1,0,0,0,0,24,4,25,-16.426274104683195,76.6590909090909,10.986623067776454,47.03448275862069,1.2304904150933937,479.24137931034477,0.9955780034578081,1012.190476190476,-0.0757630397151211,0.18606007310216566
2025-01-26,90,54,76.0,12,34,102,95,46,503,10381,2887,77.8,135,0.0,0.0,39,3.5,2.0,6.0,100.0,87.7,76.0,43.0,19.7,0.0,1008.5,1003.2,991.5,9.0,-0.0305385132098228,-0.9995335908367128,0.7575649843840495,-0.6527597524627226,-0.981627183447664,-0.1908089953765454,0.7933533402912352,-0.6087614290087207,1,6,1,0,0,0,0,25,4,26,47.22827134986226,77.77272727272728,2.2711058263971453,46.96551724137932,1.0559422504573392,484.68965517241384,0.9919049736124542,1012.0,-0.06668440429872537,0.20080985701989526
2025-01-27,80,59,51.0,12,32,47,86,46,521,15231,3083,78.35,171,4.0,0.0,70,8.6,6.0,11.0,100.0,79.7,66.0,43.0,31.0,20.0,991.5,987.4,982.5,0.0,0.1736481776669302,-0.984807753012208,0.838670567945424,-0.5446390350150272,-0.9832549075639544,-0.1822355254921477,0.7986355100472927,-0.6018150231520484,1,0,0,1,0,0,0,26,4,27,29.137362258953164,77.22727272727273,1.124554102259215,46.86206896551724,0.9322417712782176,483.48275862068965,0.991681056976126,1012.1904761904763,-0.06894424484673495,0.2073135267618771
2025-01-28,79,59,49.0,12,32,51,63,46,481,8467,3664,78.9,147,0.0,16.43,161,7.6,5.0,9.0,93.0,84.2,76.0,37.0,27.8,20.0,990.5,988.9,988.5,0.6,0.292371704722737,-0.9563047559630354,0.964787323828813,-0.2630312144579746,-0.9840406976462908,-0.1779435454738423,0.8012538126910607,-0.5983246005706591,1,1,0,0,0,0,0,27,4,28,29.428271349862257,76.06818181818183,-8.375445897740788,46.96551724137931,0.9052213391335824,476.7586206896551,0.9954401242851957,1011.5238095238096,0.2521381885203896,0.19472824140518297
2025-01-29,48,63,29.0,13,31,57,43,46,463,9296,2765,79.45,145,2.01,0.0,27,7.2,5.0,8.0,100.0,88.6,81.0,41.0,24.4,2.0,1008.5,1000.5,989.5,0.0,0.2461532930289932,-0.9692309097067544,0.9659258262890684,-0.2588190451025208,-0.9855560590580776,-0.1693495038490248,0.8064446042674828,-0.5913096483635821,1,2,0,0,0,0,0,28,5,29,-26.017183195592285,75.75,-1.5823424494649203,46.758620689655174,0.9660576190954867,478.6551724137931,0.9934342789354966,1011.1428571428571,-0.16505758263754425,0.19610028660668344
2025-01-30,63,61,46.0,12,31,64,21,46,345,6150,3313,80.0,140,0.0,26.7,109,5.2,2.0,7.0,100.0,89.5,76.0,20.0,10.9,0.0,1022.5,994.1,1000.0,0.0,-0.2461532930289925,-0.9692309097067544,0.9799247046208296,-0.199367934417197,-0.986996366560232,-0.160742565603826,0.8090169943749475,-0.587785252292473,1,3,0,0,0,0,0,29,5,30,24.296453168044078,73.86363636363637,-7.013376932223546,46.62068965517242,0.7308072988057243,479.3448275862069,0.9953864393081214,1011.3333333333334,-0.2913654329548305,0.20896571021583205
2025-01-31,49,60,42.0,13,31,65,50,46,517,10897,4166,79.7,167,0.0,15.48,241,2.2,-1.0,6.0,100.0,92.5,81.0,15.0,9.6,2.0,1031.5,1027.0,1023.5,0.0,0.292371704722737,-0.9563047559630354,0.9222009716704518,-0.3867109616368207,-0.9883615104677608,-0.1521233861899171,0.8141155183563192,-0.5807029557109398,1,4,0,0,1,1,0,30,5,31,0.46008953168044164,70.63636363636364,9.296967895362663,46.6551724137931,1.2767776000465534,478.44827586206895,1.000650943909437,1011.3333333333333,0.049589108785682914,0.2264030350137075
2025-02-01,49,63,36.0,12,32,79,66,61,588,6504,3781,79.5,151,0.0,30.43,249,1.0,-3.0,7.0,100.0,87.3,61.0,13.0,7.1,1.0,1033.5,1031.6,1028.5,0.0,0.354291037997716,-0.9351352096860116,0.7547095802227719,-0.6560590289905075,-0.9896513868196702,-0.1434926219911794,0.816641555161679,-0.5771451900372335,2,5,1,0,0,0,1,31,5,1,-8.476274104683192,67.95454545454545,5.1331747919143895,47.241379310344826,1.081034507026261,479.6551724137931,1.0044992811061686,1011.5238095238095,0.1442757704841816,0.22840746366522213
2025-02-02,50,59,34.0,13,30,92,153,45,618,8005,2981,79.5,151,0.0,9.48,76,0.0,-4.0,5.0,93.0,85.3,65.0,15.0,8.2,4.0,1028.5,1025.6,1024.5,0.0,0.446197813109809,-0.894934361602025,0.7223639620597556,-0.6915130557822693,-0.9908658973868822,-0.1348509302737227,0.8216469379421637,-0.569996762596303,2,6,1,0,0,0,0,32,5,2,15.619180440771345,66.54545454545456,-1.1254458977407868,46.13793103448276,1.037288573974516,473.8620689655172,1.0087806166268203,1012.3809523809523,0.10154477941506534,0.22377761026231674
2025-02-03,78,62,43.0,12,29,45,76,50,512,8010,3709,79.5,156,0.0,14.51,159,1.0,-4.0,7.0,100.0,90.5,76.0,13.0,9.8,2.0,1027.5,1026.5,1025.5,0.0,0.4107188526134772,-0.9117620435770886,0.964787323828813,-0.2630312144579746,-0.992004949679715,-0.12619896913583,0.8265897491271886,-0.5628049276950686,2,0,0,1,0,0,0,33,5,3,0.49493801652892566,67.29545454545456,-0.41854934601664634,46.93103448275862,1.0405935902227865,481.34482758620686,1.009850388701201,1013.3809523809523,0.17362795944150805,0.2327820753608152
2025-02-04,75,61,43.0,12,29,61,49,46,462,8130,3595,79.5,179,3.0,19.6,162,3.0,1.0,6.0,100.0,90.2,81.0,30.0,20.0,11.0,1028.5,1026.2,1025.5,0.0,0.078459095727845,-0.996917333733128,0.9304175679820246,-0.3665012267242972,-0.9930684569549264,-0.1175373974578376,0.8290375725550417,-0.5591929034707467,2,1,0,0,0,0,0,34,5,4,13.350998622589534,68.6590909090909,-3.401307966706303,47.37931034482759,0.9694573708743334,483.8965517241379,1.008833002045483,1014.7619047619048,-0.0025022900274048934,0.23846013318985457
2025-02-05,77,61,44.0,12,30,57,63,45,498,7806,3438,79.5,146,0.0,12.97,78,4.9,1.0,9.0,100.0,91.8,71.0,24.0,12.8,2.0,1041.5,1036.1,1028.5,0.0,0.3420201433256689,-0.9396926207859084,0.964787323828813,-0.2630312144579746,-0.9935718556765876,-0.1132032137679069,0.8338858220671682,-0.5519369853120581,2,2,0,0,0,0,0,35,6,5,-37.315668044077135,68.27272727272728,-8.987514863258026,47.310344827586206,0.9587290040807223,483.51724137931035,1.0076207943920947,1015.8571428571428,-0.04155752588281939,0.2099786241900906
2025-02-06,79,59,49.0,12,29,71,87,52,466,12860,3064,80.0,127,0.0,4.15,76,3.9,0.0,7.0,100.0,90.9,76.0,24.0,12.7,0.0,1044.5,1042.2,1038.5,0.0,0.2714404498650741,-0.9624552364536472,0.9670459389139432,-0.2546019482055275,-0.9945218953682734,-0.1045284632676533,0.838670567945424,-0.5446390350150272,2,3,0,0,0,0,0,36,6,6,-10.440668044077137,70.22727272727273,5.305588585017838,47.17241379310345,1.0123846378389594,485.9310344827586,1.0079106701762648,1017.2857142857142,0.06506058237022701,0.1894985020191673
2025-02-07,83,58,56.0,12,30,71,87,45,518,10736,3451,80.0,158,0.0,0.0,97,3.2,2.0,4.0,93.0,77.2,70.0,35.0,28.3,19.0,1038.5,1029.8,1022.5,0.0,0.4694715627858911,-0.8829475928589268,0.9723699203976768,-0.2334453638559051,-0.9953961983671789,-0.0958457525202244,0.8410390129643925,-0.5409744713679938,2,4,0,0,1,0,0,37,6,7,0.7866046831955924,74.0,-0.6771700356718189,47.51724137931035,1.0566348572832578,488.41379310344826,1.003507637404409,1019.2380952380952,0.00020756941659898567,0.19375968652162365
2025-02-08,59,62,36.0,13,30,64,110,54,509,12840,2996,80.0,168,2.5,0.0,41,4.0,2.0,7.0,81.0,77.1,70.0,26.0,15.2,4.0,1025.5,1021.7,1019.5,0.0,0.1908089953765449,-0.981627183447664,0.8870108331782218,-0.4617486132350338,-0.9961946980917455,-0.0871557427476582,0.8457278217039732,-0.5336145159156115,2,5,1,0,0,0,0,38,6,8,20.176756198347114,75.3409090909091,4.874554102259215,47.37931034482759,1.0332611830705334,489.7931034482758,0.9987161959050607,1020.952380952381,-0.07456943807047306,0.18325830155835607
2025-02-09,78,61,50.0,13,31,59,75,44,452,8455,4720,80.0,149,0.0,18.3,339,3.9,2.0,5.0,87.0,81.4,75.0,22.0,13.7,4.0,1030.5,1028.5,1025.5,0.0,0.0654031292301431,-0.9978589232386036,0.9396926207859084,-0.3420201433256687,-0.996917333733128,-0.0784590957278455,0.8503522249955631,-0.5262139236518693,2,6,1,0,0,0,0,39,6,9,-28.118698347107436,76.45454545454547,-4.297859690844234,47.793103448275865,0.8831595686015823,491.51724137931035,0.9985479836404859,1022.4285714285713,-0.0757630397151211,0.22286047603892165
2025-02-10,47,60,30.0,13,30,40,39,43,429,6278,3406,80.0,141,0.0,15.39,110,2.3,2.0,3.0,87.0,81.6,75.0,33.0,27.8,24.0,1030.5,1025.3,1018.5,6.6,0.1045284632676537,-0.9945218953682732,0.964787323828813,-0.2630312144579746,-0.9975640502598242,-0.0697564737441255,0.8549118706729467,-0.5187732581605212,2,0,0,1,0,0,0,40,6,10,-6.44824380165289,78.68181818181819,-10.171422909235039,47.862068965517246,0.8909007451728055,491.9310344827586,0.9990514405722909,1023.3095238095237,-0.06668440429872537,0.23392844050056433
2025-02-11,84,59,64.0,13,31,71,67,49,464,9062,4290,80.0,159,0.0,17.76,287,2.6,2.0,4.0,100.0,93.7,87.0,26.0,18.1,9.0,1018.5,1017.4,1015.5,6.5,0.258819045102521,-0.9659258262890682,0.9781476007338056,-0.2079116908177591,-0.9981347984218668,-0.0610485395348576,0.8594064115014528,-0.5112930860770519,2,1,0,0,0,0,0,41,6,11,0.6509986225895295,80.72727272727273,4.449266745937377,48.241379310344826,1.0592834685755885,489.7586206896551,0.9981524433623733,1022.7857142857142,-0.06894424484673495,0.2235206468733677
2025-02-12,46,63,29.0,13,30,68,26,40,442,5936,3834,80.0,142,0.0,24.0,229,3.8,2.0,6.0,100.0,95.0,81.0,23.0,7.8,2.0,1019.5,1017.9,1017.5,0.3,-0.1348509302737224,-0.9908658973868824,0.8638355052043958,-0.5037739770455263,-0.9986295347545738,-0.0523359562429443,0.8638355052043958,-0.5037739770455263,2,2,0,0,0,0,0,42,7,12,-44.39900137741047,81.56818181818181,-4.4472849782005515,48.068965517241374,0.9825047715893321,490.9310344827586,0.9966915744611843,1021.9285714285713,0.2521381885203896,0.2223599431271685
2025-02-13,83,58,70.0,12,30,47,72,42,487,9763,2792,80.0,117,0.0,0.0,4,1.1,-2.0,3.0,100.0,83.3,70.0,22.0,14.3,2.0,1025.5,1022.3,1019.5,0.0,-0.0610485395348569,-0.9981347984218668,0.7906895737438435,-0.6122172800344491,-0.9990482215818578,-0.0436193873653361,0.8681988144891423,-0.4962165036752082,2,3,0,0,0,0,0,43,7,13,-19.944455922865014,80.47727272727273,-2.0909631391200967,47.827586206896555,0.9480788268676197,489.13793103448273,0.996653998940814,1021.7380952380952,-0.16505758263754425,0.2079718648478459
2025-02-14,49,62,37.0,13,30,65,68,47,448,7266,3303,80.0,140,0.0,8.0,86,0.2,-4.0,4.0,100.0,82.3,65.0,13.0,7.2,0.0,1029.5,1027.9,1025.5,0.0,-0.182235525492147,-0.9832549075639546,0.816641555161679,-0.5771451900372335,-0.9992290362407228,-0.039259815759069,0.8724960070727971,-0.488621241496955,2,4,0,0,1,0,0,44,7,14,12.032816804407714,79.11363636363637,2.4090368608799033,47.689655172413794,0.9482507891482926,490.7241379310345,0.9971081521807107,1021.1190476190476,-0.2913654329548305,0.2043051424527145
2025-02-15,66,60,53.0,13,31,100,76,63,516,16238,3883,80.0,154,0.0,0.0,144,1.9,0.0,4.0,87.0,74.8,61.0,15.0,8.3,2.0,1028.5,1024.4,1022.5,0.0,0.1348509302737235,-0.990865897386882,0.788010753606722,-0.6156614753256583,-0.9995335908367128,-0.0305385132098227,0.8767267557075078,-0.4809887689193874,2,5,1,0,0,0,0,45,7,15,3.9237258953168075,80.29545454545455,3.2452437574316293,47.93103448275862,1.0070335757850197,490.0,0.9955780034578081,1020.4999999999999,0.049589108785682914,0.1817087844149919
2025-02-16,34,64,7.0,15,28,52,5,14,255,13365,4072,80.0,198,1.21,0.0,97,0.5,-3.0,4.0,86.0,76.2,56.0,30.0,18.0,7.0,1025.5,1023.4,1021.5,0.0,0.9483236552061994,-0.317304656405092,0.1001880616120759,-0.9949685182509116,-0.9997620270799092,-0.0218148850345608,0.8808907382053855,-0.4733196671848433,2,6,1,0,0,0,0,46,7,16,-16.426274104683195,81.79545454545455,-9.090963139120095,47.206896551724135,0.8343516868827174,484.7586206896551,0.9919049736124542,1019.6428571428571,0.1442757704841816,0.17334839333856508
2025-02-17,85,56,85.0,12,30,93,231,69,790,4767,2532,80.0,121,0.0,0.0,0,-1.5,-5.0,2.0,93.0,76.8,64.0,17.0,12.4,7.0,1026.5,1025.3,1023.5,0.0,0.6122172800344493,-0.7906895737438434,0.2798290140309923,-0.9600498543859286,-0.999914327574007,-0.0130895955713446,0.8849876374630419,-0.4656145203251114,2,0,0,1,0,0,0,47,7,17,47.22827134986226,81.88636363636364,11.676278240190248,47.06896551724138,1.2649308180617977,475.55172413793105,0.991681056976126,1018.3095238095237,0.10154477941506534,0.18903523802350708
2025-02-18,86,55,57.0,12,31,64,116,59,558,6396,3493,80.0,151,0.0,14.7,136,-0.8,-4.0,3.0,74.0,64.0,48.0,24.0,18.1,13.0,1027.5,1025.6,1024.5,0.0,0.2546019482055277,-0.9670459389139432,0.816641555161679,-0.5771451900372335,-0.9999904807207344,-0.0043633092847464,0.8890171414857365,-0.4578739151169564,2,1,0,0,0,0,0,48,7,18,29.137362258953164,81.61363636363637,4.236623067776459,47.172413793103445,1.094559850896259,474.0344827586207,0.9954401242851957,1018.2142857142857,0.17362795944150805,0.18439330691916356
2025-02-19,78,60,44.0,12,32,63,92,44,450,13084,3166,80.0,119,0.0,0.0,23,1.1,-2.0,5.0,69.0,57.8,42.0,24.0,19.6,15.0,1024.5,1021.8,1020.5,0.0,0.0610485395348571,-0.9981347984218668,0.9288095528719242,-0.3705574375098361,-0.9999904807207344,0.004363309284747,0.8929789434111371,-0.4500984410374348,2,2,0,0,0,0,0,49,8,19,29.428271349862257,80.11363636363637,-1.7202734839476819,47.06896551724138,0.9738535361317616,473.7241379310345,0.9934342789354966,1018.7380952380952,-0.0025022900274048934,0.17842867083559716
2025-02-20,80,60,56.0,12,32,54,63,42,472,6913,2836,80.6,126,0.0,12.54,55,6.3,1.0,11.0,100.0,86.5,70.0,26.0,18.2,13.0,1020.5,1019.0,1018.5,0.7,0.12619896913583,-0.992004949679715,0.90630778703665,-0.4226182617406993,-0.999914327574007,0.0130895955713443,0.8968727415326884,-0.4422886902190011,2,3,0,0,0,0,0,50,8,20,-26.017183195592285,76.65909090909092,-4.358204518430441,46.758620689655174,0.8636678301994514,467.9655172413793,0.9953864393081214,1019.0238095238094,-0.04155752588281939,0.17929410996016878
2025-02-21,85,58,59.0,12,34,69,99,56,525,8492,3006,81.5,124,0.0,6.29,27,13.0,9.0,17.0,94.0,77.2,59.0,30.0,21.7,15.0,1019.5,1016.0,1012.5,1.0,0.2164396139381031,-0.9762960071199333,0.8638355052043958,-0.5037739770455263,-0.9997620270799092,0.0218148850345613,0.9006982393225879,-0.434445257404417,2,4,0,0,1,0,0,51,8,21,24.296453168044078,75.31818181818181,3.383174791914389,46.58620689655172,0.9817691339969025,471.0344827586207,1.000650943909437,1019.4999999999999,0.06506058237022701,0.1686508502610592
2025-02-22,78,59,50.0,12,34,65,62,42,473,11242,2971,81.5,159,0.0,0.0,58,10.0,6.0,13.0,100.0,90.9,72.0,26.0,19.0,13.0,1022.5,1013.9,1010.5,1.9,0.1305261922200515,-0.9914448613738104,0.9205048534524404,-0.3907311284892736,-0.999533590836713,0.0305385132098223,0.904455145454368,-0.4265687399014584,2,5,1,0,0,0,0,52,8,22,0.46008953168044164,76.54545454545455,-0.6340665873959559,46.6551724137931,0.9807333798091988,467.0,1.0044992811061686,1019.9285714285713,0.00020756941659898567,0.1802181162606441
2025-02-23,76,58,60.0,12,38,45,91,58,492,8072,2845,81.5,129,0.0,6.29,38,9.6,5.0,14.0,100.0,83.6,62.0,31.0,20.8,11.0,1027.5,1024.3,1020.5,0.0,0.0654031292301431,-0.9978589232386036,0.7906895737438435,-0.6122172800344491,-0.9993908270190958,0.0348994967025012,0.9081431738250816,-0.4186597375374278,2,6,1,0,0,0,0,53,8,23,-8.476274104683192,77.29545454545455,10.986623067776454,46.37931034482759,1.2304904150933937,466.0344827586207,1.0087806166268203,1020.0714285714284,-0.07456943807047306,0.20045279736166766
2025-02-24,81,57,49.0,12,38,57,80,48,515,10462,3452,81.5,169,0.0,14.13,113,10.4,9.0,12.0,100.0,83.3,67.0,33.0,27.6,19.0,1020.5,1014.8,1012.5,5.2,0.3007057995042733,-0.9537169507482268,0.9238795325112868,-0.3826834323650897,-0.9990482215818578,0.0436193873653357,0.9117620435770886,-0.4107188526134773,2,0,0,1,0,0,0,54,8,24,15.619180440771345,77.43181818181819,2.2711058263971453,46.41379310344827,1.0559422504573392,462.9655172413793,1.009850388701201,1019.8809523809522,-0.0757630397151211,0.16327996224720598
2025-02-25,80,59,47.0,13,37,50,89,57,458,11276,3579,81.5,168,5.0,15.93,167,8.1,6.0,11.0,100.0,92.0,76.0,19.0,12.7,4.0,1014.5,1013.4,1012.5,0.0,0.0348994967025007,-0.9993908270190958,0.9222009716704518,-0.3867109616368207,-0.9986295347545738,0.0523359562429439,0.9153114791194472,-0.4027466898587371,2,1,0,0,0,0,0,55,8,25,0.49493801652892566,77.70454545454545,1.124554102259215,46.241379310344826,0.9322417712782176,461.65517241379314,1.008833002045483,1019.4047619047618,-0.06668440429872537,0.1449932581117978
2025-02-26,76,61,39.0,12,36,61,88,41,515,8363,2748,81.5,128,0.0,0.0,5,7.0,2.0,11.0,100.0,82.1,54.0,31.0,15.8,0.0,1016.5,1014.3,1010.5,3.4,0.1693495038490248,-0.9855560590580776,0.8457278217039732,-0.5336145159156115,-0.998134798421867,0.0610485395348564,0.9205048534524404,-0.3907311284892736,2,2,0,0,0,0,0,56,9,26,13.350998622589534,77.93181818181819,-8.375445897740788,46.93103448275862,0.9052213391335824,465.0344827586207,1.0076207943920947,1018.7857142857142,-0.06894424484673495,0.16578021069308482
2025-02-27,79,58,55.0,12,37,65,90,39,411,9551,3242,81.5,131,0.0,14.87,87,6.0,5.0,8.0,100.0,89.8,81.0,26.0,15.8,2.0,1020.5,1014.3,1010.5,1.6,-0.1218693434051477,-0.992546151641322,0.9351352096860116,-0.3542910379977156,-0.9975640502598244,0.0697564737441252,0.9238795325112868,-0.3826834323650897,2,3,0,0,0,0,0,57,9,27,-37.315668044077135,78.56818181818183,-1.5823424494649203,46.75862068965517,0.9660576190954867,464.6206896551724,1.0079106701762648,1017.9285714285713,0.2521381885203896,0.19850610707823158
2025-02-28,72,57,63.0,12,37,56,64,42,391,12511,2777,81.7,113,0.0,0.0,0,5.4,1.0,8.0,100.0,83.7,66.0,22.0,13.8,6.0,1030.5,1026.4,1020.5,0.0,-0.2206974350215008,-0.9753423205085128,0.9099612708765432,-0.4146932426562388,-0.996917333733128,0.0784590957278443,0.9271838545667874,-0.374606593415912,2,4,0,0,1,1,0,58,9,28,-10.440668044077137,75.93181818181819,-7.013376932223546,47.06896551724138,0.7308072988057243,462.9655172413793,1.003507637404409,1016.8809523809524,-0.16505758263754425,0.2112464862295157
2025-03-01,88,58,66.0,13,37,99,98,53,496,13577,3229,81.9,120,0.0,0.0,30,4.0,0.0,8.0,100.0,83.4,62.0,17.0,8.7,2.0,1036.5,1033.7,1030.5,0.0,-0.0087265354983737,-0.9999619230641712,0.8038568606172174,-0.5948227867513411,-0.9965655024977614,0.0828082075122043,0.9304175679820246,-0.3665012267242972,3,5,1,0,0,0,1,59,9,1,0.7866046831955924,73.72727272727272,9.296967895362663,47.55172413793103,1.2767776000465534,462.51724137931035,0.9987161959050607,1015.8333333333334,-0.2913654329548305,0.18811543248563872
2025-03-02,46,62,28.0,13,35,50,33,40,436,13015,3679,82.1,126,0.0,0.0,81,3.0,-3.0,10.0,100.0,85.5,54.0,11.0,4.0,0.0,1036.5,1034.9,1031.5,0.0,0.4383711467890774,0.898794046299167,0.6259234721840592,-0.7798844830928817,-0.9958049275746618,0.0915016186634018,0.9335804264972016,-0.3583679495453002,3,6,1,0,0,0,0,60,9,2,20.176756198347114,74.81818181818181,5.1331747919143895,46.96551724137931,1.081034507026261,462.8275862068965,0.9985479836404859,1014.8333333333333,0.049589108785682914,0.1977895100587686
2025-03-03,39,62,24.0,14,34,79,0,41,351,15141,3319,82.3,124,0.0,0.0,49,2.9,-4.0,10.0,100.0,84.4,54.0,9.0,4.7,0.0,1031.5,1029.8,1028.5,0.0,0.3907311284892737,0.9205048534524404,0.9099612708765432,-0.4146932426562388,-0.9949685182509116,0.100188061612076,0.9381913359224842,-0.3461170570774929,3,0,0,1,0,0,0,61,9,3,-28.118698347107436,74.13636363636363,-1.1254458977407868,48.310344827586206,1.037288573974516,467.44827586206895,0.9990514405722909,1013.8809523809523,0.1442757704841816,0.2213399506125876
2025-03-04,77,61,58.0,13,34,48,55,53,468,9047,3393,82.5,169,3.0,15.75,123,3.8,-3.0,12.0,100.0,81.3,54.0,15.0,6.9,0.0,1028.5,1026.6,1024.5,0.0,0.3379167180033269,0.9411760152563706,0.6461239796429639,-0.7632324697825289,-0.9940563382223196,0.1088668748519647,0.9411760152563708,-0.3379167180033268,3,1,0,0,0,0,0,62,9,4,-6.44824380165289,72.29545454545455,-0.41854934601664634,48.41379310344827,1.0405935902227865,459.7931034482758,0.9981524433623733,1013.4999999999999,0.10154477941506534,0.2540055355618922
2025-03-05,50,63,43.0,12,33,45,105,43,453,9070,2846,81.8,119,0.0,0.0,3,6.3,0.0,14.0,93.0,73.3,44.0,22.0,12.0,4.0,1025.5,1022.8,1020.5,0.0,0.5664062369248328,0.8241261886220157,0.5112930860770525,-0.8594064115014525,-0.9930684569549264,0.1175373974578372,0.9440890203927844,-0.3296906452627872,3,2,0,0,0,0,0,63,10,5,0.6509986225895295,71.4090909090909,-3.401307966706303,48.37931034482759,0.9694573708743334,458.9655172413793,0.9966915744611843,1013.8333333333333,0.17362795944150805,0.26893350545522693
2025-03-06,43,62,30.0,13,32,67,21,36,331,13284,3788,82.0,159,0.0,0.0,101,8.3,1.0,17.0,93.0,69.7,45.0,19.0,11.2,6.0,1020.5,1017.2,1015.5,0.0,0.5519369853120581,0.8338858220671682,0.894934361602025,-0.4461978131098088,-0.992004949679715,0.1261989691358297,0.9469301294951056,-0.3214394653031616,3,3,0,0,0,0,0,64,10,6,-44.39900137741047,70.0,-8.987514863258026,48.241379310344826,0.9587290040807223,459.41379310344826,0.996653998940814,1013.9285714285713,-0.0025022900274048934,0.24980771203476945
2025-03-07,78,63,39.0,12,30,74,83,47,555,6631,2919,82.3,125,0.0,14.03,48,10.3,4.0,18.0,87.0,66.8,45.0,17.0,11.4,6.0,1016.5,1015.8,1015.5,0.0,0.3173046564050921,0.9483236552061992,0.3786486173524329,-0.9255405040175664,-0.9914448613738104,0.1305261922200521,0.9510565162951536,-0.3090169943749473,3,4,0,0,1,0,0,65,10,7,-19.944455922865014,69.1590909090909,5.305588585017838,48.41379310344827,1.0123846378389594,457.37931034482756,0.9971081521807107,1014.5952380952381,-0.04155752588281939,0.2863702509218765
2025-03-08,75,57,55.0,13,30,48,69,47,401,8615,3050,82.5,144,0.0,19.05,102,12.2,5.0,19.0,76.0,52.6,24.0,22.0,14.3,7.0,1015.5,1012.7,1009.5,0.0,-0.1305261922200513,-0.9914448613738104,0.9426414910921784,-0.333806859233771,-0.9902680687415704,0.1391731009600654,0.9537169507482268,-0.3007057995042729,3,5,1,0,0,0,0,66,10,8,12.032816804407714,70.0,-0.6771700356718189,48.41379310344827,1.0566348572832578,453.6206896551724,0.9955780034578081,1015.2142857142856,0.06506058237022701,0.2964329816737016
2025-03-09,73,58,51.0,13,34,67,85,46,481,7389,2744,83.0,123,0.0,0.0,13,10.8,4.0,18.0,81.0,61.2,42.0,17.0,10.3,6.0,1009.5,1006.0,1003.5,0.0,0.2756373558169991,0.9612616959383188,0.9170600743851242,-0.398749068925246,-0.9890158633619168,0.1478094111296109,0.9563047559630355,-0.2923717047227366,3,6,1,0,0,0,0,67,10,9,3.9237258953168075,69.56818181818181,4.874554102259215,48.62068965517241,1.0332611830705334,449.8965517241379,0.9919049736124542,1015.7857142857142,0.00020756941659898567,0.29672386342127677
2025-03-10,62,61,34.0,13,31,63,24,45,363,11049,3822,82.3,140,0.0,15.12,127,9.1,4.0,15.0,93.0,70.1,42.0,17.0,10.3,0.0,1004.5,1002.8,1001.5,0.0,0.4186597375374281,0.9081431738250813,0.8849876374630419,-0.4656145203251114,-0.9876883405951378,0.1564344650402306,0.9600498543859288,-0.2798290140309919,3,0,0,1,0,0,0,68,10,10,-16.426274104683195,67.02272727272728,-4.297859690844234,49.03448275862069,0.8831595686015823,456.6551724137931,0.991681056976126,1016.2142857142857,-0.07456943807047306,0.3033190941917932
2025-03-11,73,59,29.0,13,30,52,96,38,391,5757,3284,81.7,135,0.0,19.8,130,5.4,2.0,8.0,100.0,80.5,57.0,28.0,15.8,7.0,1004.5,1004.0,1002.5,0.0,0.7906895737438433,0.6122172800344493,0.4656145203251116,-0.8849876374630418,-0.9862856015372312,0.1650476058606778,0.9624552364536472,-0.2714404498650742,3,1,0,0,0,0,0,69,10,11,47.22827134986226,64.54545454545455,-10.171422909235039,48.82758620689655,0.8909007451728055,452.6551724137931,0.9954401242851957,1015.5952380952381,-0.0757630397151211,0.29141553043627144
2025-03-12,88,57,73.0,12,32,66,154,69,562,7226,2910,81.0,124,0.0,0.0,9,4.3,1.0,8.0,100.0,83.2,61.0,22.0,11.8,0.0,1002.5,1000.7,999.5,0.0,0.258819045102521,-0.9659258262890682,0.7743926440821857,-0.632705328562516,-0.9855560590580776,0.1693495038490245,0.964787323828813,-0.2630312144579746,3,2,0,0,0,0,0,70,11,12,29.137362258953164,62.88636363636364,4.449266745937377,48.310344827586206,1.0592834685755885,449.8965517241379,0.9934342789354966,1014.2142857142857,-0.06668440429872537,0.29168909212442756
2025-03-13,81,55,51.0,12,33,105,102,35,430,8682,3017,82.2,149,0.0,4.94,80,3.3,0.0,7.0,100.0,84.3,57.0,20.0,9.2,2.0,1004.5,1001.0,998.5,0.0,-0.1175373974578373,-0.9930684569549264,0.8660254037844387,-0.4999999999999998,-0.9840406976462908,0.177943545473842,0.9670459389139432,-0.2546019482055275,3,3,0,0,0,0,0,71,11,13,29.428271349862257,63.84090909090909,-4.4472849782005515,48.03448275862068,0.9825047715893321,443.27586206896547,0.9953864393081214,1012.7380952380952,-0.06894424484673495,0.28974865021922697
2025-03-14,44,63,32.0,13,33,79,23,51,439,13385,2860,82.5,123,0.0,0.0,31,3.3,0.0,7.0,93.0,71.5,49.0,24.0,13.6,4.0,1017.5,1010.1,1004.5,0.0,0.4265687399014583,0.904455145454368,0.5664062369248332,-0.8241261886220155,-0.9824503977255098,0.1865240360087343,0.9702957262759964,-0.2419218955996677,3,4,0,0,1,0,0,72,11,14,-26.017183195592285,66.8409090909091,-2.0909631391200967,48.55172413793103,0.9480788268676197,445.0344827586207,1.000650943909437,1011.8333333333333,0.2521381885203896,0.2765722537316041
2025-03-15,74,56,59.0,12,33,61,58,61,435,15139,2847,82.7,130,0.0,0.0,24,3.9,1.0,7.0,87.0,67.1,49.0,28.0,19.7,11.0,1022.5,1020.6,1017.5,0.0,-0.0697564737441248,-0.9975640502598244,0.8503522249955631,-0.5262139236518693,-0.9807852804032304,0.1950903220161283,0.9723699203976768,-0.2334453638559051,3,5,1,0,0,0,0,73,11,15,24.296453168044078,67.11363636363636,2.4090368608799033,48.06896551724138,0.9482507891482926,437.9655172413793,1.0044992811061686,1011.595238095238,-0.16505758263754425,0.2849045226525314
2025-03-16,75,59,55.0,13,33,50,64,46,525,7566,2956,83.0,151,0.0,0.0,66,4.7,0.0,9.0,93.0,76.6,53.0,22.0,13.8,7.0,1026.5,1023.8,1022.5,0.0,-0.0043633092847461,-0.9999904807207344,0.6560590289905073,-0.754709580222772,-0.9799247046208296,0.1993679344171969,0.9743700647852352,-0.2249510543438648,3,6,1,0,0,0,0,74,11,16,0.46008953168044164,64.45454545454545,3.2452437574316293,48.41379310344827,1.0070335757850197,441.44827586206895,1.0087806166268203,1011.6904761904761,-0.2913654329548305,0.36016571350435805
2025-03-17,50,62,35.0,12,32,60,27,53,389,8305,2897,83.0,136,0.0,0.0,8,6.3,3.0,10.0,81.0,60.0,40.0,26.0,17.5,9.0,1031.5,1029.0,1026.5,0.0,0.5372996083468239,0.8433914458128857,0.5555702330196022,-0.8314696123025453,-0.9781476007338058,0.2079116908177585,0.9772311064626787,-0.2121776721564462,3,0,0,1,0,0,0,75,11,17,-8.476274104683192,62.95454545454546,-9.090963139120095,48.86206896551724,0.8343516868827174,445.65517241379314,1.009850388701201,1011.7380952380952,0.049589108785682914,0.3763747736605929
2025-03-18,72,58,67.0,12,34,53,107,72,568,6214,3458,83.0,154,0.0,15.33,112,5.8,0.0,11.0,60.0,41.3,26.0,24.0,18.5,11.0,1030.5,1028.3,1025.5,0.0,0.2121776721564468,-0.9772311064626787,0.6052939880428945,-0.7960020025346219,-0.9762960071199336,0.2164396139381024,0.9790454724845838,-0.2036417511401775,3,1,0,0,0,0,0,76,11,18,15.619180440771345,61.52272727272727,11.676278240190248,49.3448275862069,1.2649308180617977,451.5862068965517,1.008833002045483,1011.4999999999999,0.1442757704841816,0.3771648642786507
2025-03-19,83,58,61.0,12,33,63,99,58,534,7365,2547,82.8,127,0.0,0.0,5,8.0,0.0,16.0,76.0,52.8,38.0,19.0,10.8,2.0,1025.5,1023.8,1022.5,0.0,0.3420201433256689,-0.9396926207859084,0.904455145454368,-0.4265687399014584,-0.9743700647852352,0.2249510543438649,0.9807852804032304,-0.1950903220161279,3,2,0,0,0,0,0,77,12,19,0.49493801652892566,60.68181818181819,4.236623067776459,49.103448275862064,1.094559850896259,455.41379310344826,1.0076207943920947,1011.7380952380952,0.10154477941506534,0.30776022575876505
2025-03-20,51,63,34.0,13,32,107,59,40,463,6381,3990,82.5,136,0.0,31.04,176,10.4,2.0,18.0,93.0,64.4,37.0,17.0,7.1,0.0,1022.5,1021.4,1019.5,0.0,0.5372996083468239,0.8433914458128857,0.4383711467890773,-0.898794046299167,-0.9733792584604486,0.2292003909224138,0.9832549075639546,-0.1822355254921475,3,3,0,0,0,0,0,78,12,20,13.350998622589534,62.5,-1.7202734839476819,49.206896551724135,0.9738535361317616,458.448275862069,1.0079106701762648,1012.3095238095237,0.17362795944150805,0.3253388603996602
2025-03-21,42,63,27.0,13,32,43,7,47,413,9011,2895,82.3,123,0.0,0.0,7,14.3,6.0,21.0,81.0,56.5,35.0,31.0,19.7,7.0,1019.5,1013.0,1007.5,0.0,0.3542910379977158,0.9351352096860116,0.7906895737438435,-0.6122172800344491,-0.9713420698132614,0.237685892326173,0.984807753012208,-0.1736481776669303,3,4,0,0,1,0,0,79,12,21,-37.315668044077135,65.88636363636364,-4.358204518430441,49.34482758620689,0.8636678301994514,466.34482758620686,1.003507637404409,1013.3095238095237,-0.0025022900274048934,0.3512707168878544
2025-03-22,73,60,63.0,13,33,85,38,56,416,7240,2798,82.3,120,0.0,0.0,0,15.2,13.0,18.0,67.0,52.1,45.0,26.0,18.7,13.0,1006.5,1003.8,1001.5,0.0,0.4422886902190013,0.8968727415326883,0.7163019434246544,-0.69779045984168,-0.9692309097067544,0.2461532930289925,0.9862856015372314,-0.1650476058606777,3,5,1,0,0,0,0,80,12,22,-10.440668044077137,70.27272727272728,3.383174791914389,49.96551724137931,0.9817691339969025,463.2068965517241,0.9987161959050607,1014.452380952381,-0.04155752588281939,0.38667089161474477
2025-03-23,44,63,25.0,13,31,28,51,48,365,14119,3856,81.7,148,0.0,15.25,129,13.5,10.0,17.0,82.0,69.4,55.0,19.0,13.0,6.0,1009.5,1003.9,1000.5,0.0,0.9983916705573488,0.0566927875633775,-0.1564344650402307,-0.9876883405951378,-0.9670459389139432,0.2546019482055274,0.9883615104677608,-0.1521233861899167,3,6,1,0,0,0,0,81,12,23,0.7866046831955924,71.20454545454547,-0.6340665873959559,49.96551724137931,0.9807333798091988,466.9655172413793,0.9985479836404859,1015.5,0.06506058237022701,0.42787420516568064
2025-03-24,89,54,87.0,13,33,98,122,70,688,7557,3210,82.0,139,0.0,20.07,128,8.7,6.0,13.0,100.0,86.2,67.0,22.0,13.7,6.0,1020.5,1015.2,1009.5,0.0,0.5187732581605218,-0.8549118706729464,0.6052939880428945,-0.7960020025346219,-0.9659258262890682,0.2588190451025211,0.9896513868196702,-0.1434926219911791,3,0,0,1,0,0,0,82,12,24,20.176756198347114,72.0909090909091,10.986623067776454,50.03448275862069,1.2304904150933937,467.17241379310343,0.9990514405722909,1016.595238095238,0.00020756941659898567,0.41147309218103423
2025-03-25,70,58,44.0,12,33,59,43,42,399,11169,3434,82.2,159,3.0,15.0,128,8.1,5.0,11.0,100.0,84.1,71.0,22.0,14.8,9.0,1022.5,1020.6,1019.5,0.0,0.4305110968082951,0.9025852843498606,0.7040147244559682,-0.7101853756232854,-0.9636304532086232,0.2672383760782567,0.9914448613738104,-0.1305261922200513,3,1,0,0,0,0,0,83,12,25,-28.118698347107436,74.56818181818181,2.2711058263971453,49.93103448275862,1.0559422504573392,470.24137931034477,0.9981524433623733,1017.2619047619047,-0.07456943807047306,0.3753622310055963
2025-03-26,44,61,31.0,13,31,51,24,42,378,7703,3456,82.6,135,0.0,19.69,107,8.3,4.0,12.0,100.0,82.7,67.0,19.0,10.7,0.0,1025.5,1024.5,1022.5,0.0,-0.2503800040544415,-0.9681476403781076,0.9081431738250816,-0.4186597375374278,-0.9612616959383188,0.2756373558169994,0.992546151641322,-0.1218693434051473,3,2,0,0,0,0,0,84,13,26,-6.44824380165289,76.31818181818181,1.124554102259215,49.758620689655174,0.9322417712782176,472.62068965517244,0.9966915744611843,1017.3571428571428,-0.0757630397151211,0.3730799558934226
2025-03-27,42,57,25.0,13,31,85,19,33,323,8907,3162,83.0,118,0.0,0.0,14,8.0,1.0,15.0,100.0,78.6,51.0,13.0,7.8,0.0,1024.5,1021.0,1016.5,0.0,0.5224985647159488,0.8526401643540923,0.8987940462991669,-0.4383711467890775,-0.9588197348681932,0.2840153447039223,0.9935718556765876,-0.1132032137679067,3,3,0,0,0,0,0,85,13,27,0.6509986225895295,78.81818181818183,-8.375445897740788,48.758620689655174,0.9052213391335824,469.9310344827586,0.996653998940814,1017.3571428571429,-0.06668440429872537,0.3523145138856995
2025-03-28,48,63,35.0,13,31,64,41,54,462,16839,3855,83.0,159,2.02,0.0,78,7.3,3.0,11.0,100.0,88.5,71.0,28.0,14.8,6.0,1015.5,1012.5,1010.5,0.0,0.2714404498650742,0.9624552364536472,0.7101853756232853,-0.7040147244559685,-0.9575713608048144,0.2881962681340896,0.9949685182509116,-0.1001880616120759,3,4,0,0,1,0,0,86,13,28,-44.39900137741047,81.79545454545456,-1.5823424494649203,49.48275862068965,0.9660576190954867,473.51724137931035,0.9971081521807107,1017.3571428571428,-0.06894424484673495,0.31794886566488195
2025-03-29,25,63,8.0,13,29,22,0,28,186,23964,3605,83.0,130,0.0,0.0,3,6.8,1.0,11.0,100.0,82.3,66.0,26.0,14.1,2.0,1021.5,1018.9,1014.5,0.0,0.9575713608048144,0.2881962681340894,0.8681988144891423,-0.4962165036752082,-0.9550199444571869,0.2965415749755707,0.9958049275746618,-0.0915016186634021,3,5,1,0,0,0,0,87,13,29,-19.944455922865014,82.77272727272728,-7.013376932223546,49.20689655172414,0.7308072988057243,472.448275862069,0.9955780034578081,1017.4047619047619,0.2521381885203896,0.28476328833228903
2025-03-30,78,63,67.0,13,30,32,115,63,597,10304,4038,82.9,137,0.0,0.0,129,8.0,8.0,8.0,81.0,74.8,71.0,31.0,30.0,28.0,1016.5,1016.0,1015.5,0.0,0.5482932295199138,0.8362861558477596,-0.0479781285213439,-0.9988483864849508,-0.8410390129643925,0.5409744713679937,0.9411760152563708,-0.3379167180033268,3,6,1,0,0,0,0,88,13,30,12.032816804407714,82.02272727272728,9.296967895362663,48.689655172413794,1.2767776000465534,472.7241379310345,0.9919049736124542,1017.547619047619,-0.16505758263754425,0.2576040087645223
2025-03-31,66,58,54.0,13,29,94,119,53,558,9902,2849,82.9,141,0.0,8.02,42,8.5,5.0,12.0,87.0,72.3,51.0,22.0,16.2,9.0,1030.5,1027.1,1022.5,0.0,-0.2503800040544415,-0.9681476403781076,0.4383711467890773,-0.898794046299167,-0.8362861558477594,0.5482932295199139,0.9455185755993168,-0.3255681544571564,3,0,0,1,0,1,0,89,13,31,3.9237258953168075,83.1590909090909,5.1331747919143895,48.79310344827586,1.081034507026261,468.10344827586204,0.991681056976126,1017.8333333333333,-0.2913654329548305,0.1948240832315909
2025-04-01,94,55,59.0,13,30,78,139,55,523,9430,3241,82.9,130,0.0,12.4,104,8.7,4.0,14.0,100.0,71.3,38.0,28.0,17.3,7.0,1030.5,1028.5,1026.5,0.0,-0.0043633092847461,-0.9999904807207344,0.7040147244559682,-0.7101853756232854,-0.8338858220671683,0.551936985312058,0.9483236552061994,-0.317304656405092,4,1,0,0,0,0,1,90,13,1,-16.426274104683195,85.47727272727272,-1.1254458977407868,48.41379310344828,1.037288573974516,473.10344827586204,0.9954401242851957,1018.3571428571428,0.049589108785682914,0.1584940694670312
2025-04-02,88,55,61.0,12,31,104,174,46,579,10498,3654,82.9,140,0.0,18.45,142,11.6,6.0,17.0,76.0,58.7,39.0,33.0,22.4,13.0,1027.5,1024.7,1021.5,0.0,0.1779435454738418,-0.9840406976462908,0.6626200482157374,-0.7489557207890022,-0.8290375725550421,0.5591929034707462,0.9510565162951536,-0.3090169943749473,4,2,0,0,0,0,0,91,14,2,47.22827134986226,86.43181818181819,-0.41854934601664634,47.689655172413794,1.0405935902227865,470.1379310344828,0.9934342789354966,1018.3571428571428,0.1442757704841816,0.12804819979262
2025-04-03,82,59,49.0,13,32,52,117,46,541,10327,3825,82.8,146,0.0,12.21,197,14.5,9.0,20.0,71.0,52.1,33.0,30.0,19.7,11.0,1024.5,1022.9,1021.5,0.0,0.0305385132098226,-0.9995335908367128,0.7071067811865476,-0.7071067811865475,-0.8241261886220159,0.5664062369248325,0.9550199444571866,-0.296541574975571,4,3,0,0,0,0,0,92,14,3,29.137362258953164,85.77272727272728,-3.401307966706303,47.241379310344826,0.9694573708743334,469.48275862068965,0.9953864393081214,1018.2619047619046,0.10154477941506534,0.14561283976767242
2025-04-04,83,58,50.0,12,34,63,178,40,560,13598,3797,82.8,155,5.03,15.85,185,14.1,6.0,20.0,81.0,56.0,37.0,26.0,15.9,4.0,1022.5,1020.8,1018.5,0.0,0.0218148850345607,-0.9997620270799092,0.6052939880428945,-0.7960020025346219,-0.8191520442889918,0.573576436351046,0.9575713608048144,-0.2881962681340895,4,4,0,0,1,0,0,93,14,4,29.428271349862257,84.3409090909091,-8.987514863258026,47.72413793103448,0.9587290040807223,470.27586206896547,1.000650943909437,1017.9761904761904,0.17362795944150805,0.12690772849325366
2025-04-05,73,59,48.0,13,35,65,56,65,464,11752,2857,82.6,127,0.0,0.0,65,10.4,7.0,15.0,100.0,64.8,39.0,31.0,23.0,11.0,1022.5,1020.5,1019.5,0.0,-0.1434926219911791,-0.9896513868196702,0.7343225094356858,-0.6788007455329416,-0.816641555161679,0.5771451900372334,0.9600498543859288,-0.2798290140309919,4,5,1,0,0,0,0,94,14,5,-26.017183195592285,84.43181818181819,5.305588585017838,47.41379310344827,1.0123846378389594,468.37931034482756,1.0044992811061686,1016.8809523809523,-0.0025022900274048934,0.1283031454837645
2025-04-06,86,58,61.0,12,35,67,102,47,510,11351,2831,82.4,117,0.0,0.0,46,8.3,4.0,12.0,71.0,48.3,33.0,26.0,22.0,13.0,1027.5,1025.3,1022.5,0.0,0.0348994967025007,-0.9993908270190958,0.7933533402912352,-0.6087614290087207,-0.8115739819650127,0.5842496656374337,0.9624552364536472,-0.2714404498650742,4,6,1,0,0,0,0,95,14,6,24.296453168044078,87.45454545454547,-0.6771700356718189,47.06896551724138,1.0566348572832578,470.6206896551724,1.0087806166268203,1015.8333333333334,-0.04155752588281939,0.11322196820472158
2025-04-07,87,56,58.0,13,37,55,130,48,487,16891,3450,82.2,149,5.05,0.0,90,8.0,2.0,13.0,81.0,58.5,38.0,22.0,13.2,4.0,1027.5,1026.9,1026.5,0.0,0.0566927875633776,-0.9983916705573488,0.8638355052043958,-0.5037739770455263,-0.8064446042674829,0.591309648363582,0.9659258262890684,-0.2588190451025208,4,0,0,1,0,0,0,96,14,7,0.46008953168044164,91.45454545454547,4.874554102259215,47.206896551724135,1.0332611830705334,479.1379310344828,1.009850388701201,1015.5952380952381,0.06506058237022701,0.06366306476898546
2025-04-08,79,57,45.0,13,34,66,92,42,452,9640,3644,82.0,138,0.0,19.45,144,8.7,4.0,14.0,87.0,63.8,41.0,20.0,14.5,6.0,1029.5,1027.9,1026.5,0.0,-0.0261769483078731,-0.9996573249755571,0.8638355052043958,-0.5037739770455263,-0.8012538126910608,0.598324600570659,0.9681476403781076,-0.2503800040544414,4,1,0,0,0,0,0,97,14,8,-8.476274104683192,92.3409090909091,-4.297859690844234,46.89655172413793,0.8831595686015823,480.8965517241379,1.008833002045483,1015.7380952380952,0.00020756941659898567,0.06338160182557975
2025-04-09,81,58,52.0,12,34,46,85,33,460,9648,3517,81.0,141,0.0,15.18,130,8.0,5.0,11.0,87.0,74.8,62.0,26.0,15.7,7.0,1029.5,1027.4,1025.5,0.0,-0.0261769483078731,-0.9996573249755571,0.8638355052043958,-0.5037739770455263,-0.7986355100472932,0.6018150231520479,0.9702957262759964,-0.2419218955996677,4,2,0,0,0,0,0,98,15,9,15.619180440771345,93.3409090909091,-10.171422909235039,47.6551724137931,0.8909007451728055,488.41379310344826,1.0076207943920947,1015.452380952381,-0.07456943807047306,0.08260684542482433
2025-04-10,84,59,52.0,13,34,69,88,40,484,12419,4187,82.0,164,5.03,24.25,240,9.1,4.0,13.0,93.0,75.3,63.0,26.0,15.7,7.0,1029.5,1027.4,1025.5,0.0,0.0130895955713446,-0.999914327574007,0.8571673007021123,-0.5150380749100543,-0.7933533402912352,0.6087614290087207,0.9733792584604484,-0.2292003909224141,4,3,0,0,0,0,0,99,15,10,0.49493801652892566,96.56818181818181,4.449266745937377,47.93103448275862,1.0592834685755885,490.27586206896547,1.0079106701762648,1015.0714285714286,-0.0757630397151211,0.07481384502889202
2025-04-11,87,59,56.0,13,34,84,120,56,534,9012,3586,82.0,152,0.0,8.12,155,9.9,3.0,16.0,100.0,80.1,59.0,22.0,11.7,4.0,1026.5,1022.2,1018.5,0.0,0.2419218955996677,-0.9702957262759964,0.8433914458128858,-0.5372996083468236,-0.7880107536067218,0.6156614753256585,0.9753423205085128,-0.2206974350215011,4,4,0,0,1,0,0,100,15,11,13.350998622589534,97.38636363636364,-4.4472849782005515,48.06896551724138,0.9825047715893321,493.2413793103449,1.003507637404409,1014.3571428571428,-0.06668440429872537,0.09909420124052165
2025-04-12,72,60,46.0,13,34,39,48,43,408,11587,3238,82.0,174,3.01,0.0,40,15.0,6.0,23.0,100.0,63.0,33.0,26.0,14.8,0.0,1018.5,1010.4,1001.5,3.8,0.2923717047227367,0.9563047559630354,0.816641555161679,-0.5771451900372335,-0.785316930880745,0.619093949309834,0.9772311064626787,-0.2121776721564462,4,5,1,0,0,0,0,101,15,12,-37.315668044077135,95.9090909090909,-2.0909631391200967,47.758620689655174,0.9480788268676197,495.10344827586204,0.9987161959050607,1013.7380952380952,-0.06894424484673495,0.1334598494613392
2025-04-13,60,63,38.0,13,33,56,39,46,443,11154,2779,82.0,119,0.0,0.0,24,13.9,11.0,17.0,94.0,72.5,48.0,33.0,22.3,17.0,1007.5,1000.2,998.5,0.0,0.7313537016191705,0.6819983600624985,0.3131638064837494,-0.949699126201877,-0.7798844830928816,0.6259234721840593,0.9790454724845838,-0.2036417511401775,4,6,1,0,0,0,0,102,15,13,-10.440668044077137,91.88636363636364,2.4090368608799033,48.37931034482759,0.9482507891482926,505.27586206896547,0.9985479836404859,1013.3571428571428,0.2521381885203896,0.166100494732584
2025-04-14,44,62,36.0,13,32,80,21,49,391,15754,3804,82.5,156,7.98,12.29,138,12.6,9.0,16.0,94.0,70.1,48.0,20.0,14.7,7.0,1009.5,1007.5,1003.5,0.0,-0.1950903220161279,-0.9807852804032304,0.9440890203927844,-0.3296906452627872,-0.7743926440821857,0.6327053285625159,0.981627183447664,-0.1908089953765448,4,0,0,1,0,0,0,103,15,14,0.7866046831955924,87.88636363636364,3.2452437574316293,48.44827586206897,1.0070335757850197,513.7586206896551,0.9990514405722909,1013.0714285714286,-0.16505758263754425,0.15449565488841294
2025-04-15,60,63,41.0,14,32,81,89,42,534,6371,2741,83.0,134,0.0,4.01,34,14.5,10.0,21.0,100.0,73.5,56.0,33.0,17.2,4.0,1003.5,998.9,996.5,1.5,-0.2546019482055274,-0.9670459389139432,0.4848096202463371,-0.8746197071393957,-0.7688418320734595,0.6394390019805849,0.9832549075639546,-0.1822355254921475,4,1,0,0,0,0,0,104,15,15,20.176756198347114,85.43181818181817,-9.090963139120095,48.55172413793103,0.8343516868827174,511.1379310344828,0.9981524433623733,1013.2142857142857,-0.2913654329548305,0.19785658779662424
2025-04-16,81,57,62.0,13,32,59,80,51,482,8701,4380,83.0,144,0.0,54.09,288,10.8,9.0,12.0,100.0,76.7,62.0,20.0,11.4,2.0,1012.5,1007.3,1000.5,0.0,0.2840153447039226,0.958819734868193,0.6560590289905073,-0.754709580222772,-0.7660444431189781,0.6427876096865393,0.984807753012208,-0.1736481776669303,4,2,0,0,0,0,0,105,16,16,-28.118698347107436,84.61363636363637,11.676278240190248,48.17241379310345,1.2649308180617977,510.0689655172414,0.9966915744611843,1013.3571428571429,0.049589108785682914,0.22322112021699686
2025-04-17,87,58,51.0,13,32,79,120,45,515,13531,3179,84.0,158,6.49,0.0,104,10.5,8.0,13.0,87.0,71.8,54.0,15.0,8.8,2.0,1014.5,1012.9,1011.5,0.0,0.0610485395348571,-0.9981347984218668,0.8141155183563192,-0.5807029557109398,-0.7604059656000308,0.6494480483301839,0.9862856015372314,-0.1650476058606777,4,3,0,0,0,0,0,106,16,17,-6.44824380165289,88.4090909090909,4.236623067776459,47.93103448275862,1.094559850896259,504.6896551724138,0.996653998940814,1013.4047619047619,0.1442757704841816,0.22351192443521767
2025-04-18,86,58,55.0,13,32,93,99,54,486,7544,3398,84.0,146,0.0,9.48,148,10.4,7.0,16.0,93.0,74.1,45.0,19.0,9.4,4.0,1016.5,1014.5,1013.5,0.0,0.3947438563842672,0.9187912101488984,0.5771451900372336,-0.8166415551616789,-0.7547095802227722,0.656059028990507,0.9876883405951375,-0.156434465040231,4,4,0,0,1,0,0,107,16,18,0.6509986225895295,90.70454545454547,-1.7202734839476819,47.758620689655174,0.9738535361317616,499.551724137931,0.9971081521807107,1013.4047619047619,0.10154477941506534,0.23593048035827455
2025-04-19,39,63,26.0,13,31,42,0,38,358,45992,6087,84.0,143,0.0,4.01,145,9.5,5.0,14.0,93.0,73.0,54.0,20.0,14.2,6.0,1013.5,1010.8,1008.5,0.0,0.5372996083468239,0.8433914458128857,0.7986355100472927,-0.6018150231520484,-0.7489557207890021,0.6626200482157375,0.9896513868196702,-0.1434926219911791,4,5,1,0,0,0,0,108,16,19,-44.39900137741047,89.52272727272728,-4.358204518430441,47.51724137931035,0.8636678301994514,495.6896551724138,0.9955780034578081,1013.3571428571428,0.17362795944150805,0.21341263715028175
2025-04-20,73,58,51.0,13,34,67,85,46,481,9304,4100,83.0,162,0.0,3.64,96,9.7,3.0,15.0,93.0,77.5,59.0,19.0,11.0,4.0,1008.5,1007.7,1007.5,2.2,0.3461170570774929,0.9381913359224842,0.5187732581605218,-0.8549118706729464,-0.7460573750616997,0.6658816660008341,0.9908658973868822,-0.1348509302737229,4,6,1,0,0,0,0,109,16,20,-19.944455922865014,88.3409090909091,3.383174791914389,46.89655172413793,0.9817691339969025,495.13793103448273,0.9919049736124542,1013.1666666666665,-0.0025022900274048934,0.21590056651961848
2025-04-21,77,56,77.0,13,32,50,172,52,612,5234,2756,83.0,137,0.0,0.0,32,11.4,9.0,14.0,100.0,90.4,77.0,15.0,7.2,4.0,1013.5,1009.6,1007.5,1.0,-0.1391731009600655,-0.9902680687415704,0.1607425656038259,-0.986996366560232,-0.740218127486832,0.6723668074346681,0.992004949679715,-0.1261989691358298,4,0,0,1,0,0,0,110,16,21,12.032816804407714,86.0,-0.6340665873959559,46.93103448275862,0.9807333798091988,498.44827586206895,0.991681056976126,1012.6904761904761,-0.04155752588281939,0.21345421110894025
2025-04-22,74,56,52.0,14,34,49,98,61,739,7879,3097,83.0,130,0.0,6.07,32,11.6,8.0,15.0,100.0,84.5,63.0,22.0,13.4,2.0,1018.5,1016.4,1013.5,0.0,0.7071067811865476,-0.7071067811865475,0.496216503675208,-0.8681988144891424,-0.7343225094356858,0.6788007455329415,0.9930684569549264,-0.1175373974578378,4,1,0,0,0,0,0,111,16,22,3.9237258953168075,83.79545454545455,10.986623067776454,47.37931034482759,1.2304904150933937,499.17241379310343,0.9954401242851957,1012.452380952381,0.06506058237022701,0.2459516795581979
2025-04-23,79,61,57.0,12,35,80,95,64,617,9824,3174,83.0,169,5.01,0.0,59,11.9,7.0,15.0,100.0,83.7,63.0,15.0,9.0,2.0,1018.5,1015.0,1013.5,5.5,0.354291037997716,-0.9351352096860116,0.5336145159156117,-0.8457278217039732,-0.7283709698824004,0.6851829903263591,0.9940563382223196,-0.1088668748519646,4,2,0,0,0,0,0,112,17,23,-16.426274104683195,82.63636363636364,2.2711058263971453,47.37931034482759,1.0559422504573392,500.41379310344826,0.9934342789354966,1012.8809523809524,0.00020756941659898567,0.2736413138121548
2025-04-24,55,61,31.0,13,35,23,41,50,432,7468,2688,83.0,110,0.0,0.0,0,11.1,10.0,13.0,100.0,91.9,82.0,24.0,15.8,11.0,1021.5,1018.2,1015.5,2.5,-0.0218148850345609,-0.9997620270799092,0.9099612708765432,-0.4146932426562388,-0.7253743710122879,0.6883545756937537,0.9949685182509116,-0.1001880616120759,4,3,0,0,0,0,0,113,17,24,47.22827134986226,83.68181818181819,1.124554102259215,47.41379310344828,0.9322417712782176,498.5862068965517,0.9953864393081214,1013.5952380952381,-0.07456943807047306,0.2708350838718711
2025-04-25,78,58,63.0,12,36,75,74,37,409,11316,4109,82.0,167,8.01,9.68,238,10.4,8.0,13.0,93.0,79.4,63.0,17.0,12.6,6.0,1023.5,1022.8,1021.5,1.3,0.1993679344171977,-0.9799247046208296,0.9988483864849508,-0.047978128521344,-0.7193398003386517,0.6946583704589967,0.9958049275746618,-0.0915016186634021,4,4,0,0,1,0,0,114,17,25,29.137362258953164,87.27272727272728,-8.375445897740788,47.62068965517242,0.9052213391335824,496.37931034482756,1.000650943909437,1014.2142857142857,-0.0757630397151211,0.29780614925788806
2025-04-26,82,60,54.0,12,38,80,113,45,516,11464,3867,81.7,142,0.0,12.12,68,11.8,6.0,17.0,100.0,78.6,48.0,17.0,11.7,4.0,1023.5,1023.2,1022.5,2.1,-0.0958457525202241,-0.9953961983671789,0.6626200482157374,-0.7489557207890022,-0.713250449154182,0.7009092642998506,0.9965655024977614,-0.0828082075122042,4,5,1,0,0,0,0,115,17,26,29.428271349862257,89.95454545454547,-1.5823424494649203,47.103448275862064,0.9660576190954867,494.3103448275862,1.0044992811061686,1015.452380952381,-0.06668440429872537,0.283066437343399
2025-04-27,73,58,51.0,13,34,67,85,46,481,26573,4699,81.3,154,0.0,12.5,150,14.1,8.0,20.0,100.0,65.9,40.0,11.0,6.8,2.0,1027.5,1025.0,1023.5,0.0,0.3296906452627873,-0.9440890203927842,0.4422886902190013,-0.8968727415326883,-0.7101853756232854,0.7040147244559684,0.9972501850994856,-0.0741084901953992,4,6,1,0,0,0,0,116,17,27,-26.017183195592285,89.86363636363636,-7.013376932223546,46.93103448275862,0.7308072988057243,495.5172413793103,1.0087806166268203,1016.4047619047619,-0.06894424484673495,0.27802970433594626
2025-04-28,85,57,85.0,13,38,54,240,65,843,3201,2972,81.0,137,0.0,22.49,80,14.4,7.0,21.0,100.0,63.8,35.0,19.0,6.8,0.0,1028.5,1027.1,1026.5,0.0,0.6946583704589971,-0.7193398003386513,0.1865240360087346,-0.9824503977255096,-0.7040147244559687,0.7101853756232851,0.9978589232386036,-0.0654031292301429,4,0,0,1,0,0,0,117,17,28,24.296453168044078,88.22727272727273,9.296967895362663,46.689655172413794,1.2767776000465534,495.655172413793,1.009850388701201,1016.7380952380952,0.2521381885203896,0.26509679294344124
2025-04-29,83,56,56.0,13,39,34,93,56,482,16306,3896,81.6,188,10.01,6.82,174,15.2,8.0,21.0,100.0,68.8,40.0,17.0,8.8,2.0,1028.5,1027.0,1025.5,0.0,0.292371704722737,-0.9563047559630354,0.9600498543859288,-0.2798290140309919,-0.6977904598416802,0.7163019434246541,0.9983916705573488,-0.0566927875633774,4,1,0,0,0,0,0,118,17,29,0.46008953168044164,87.06818181818181,5.1331747919143895,46.241379310344826,1.081034507026261,495.7586206896552,1.008833002045483,1017.0714285714284,-0.16505758263754425,0.2668281187562518
2025-04-30,80,59,57.0,13,38,59,77,44,492,6440,3189,82.3,175,0.0,24.07,129,17.7,11.0,24.0,94.0,68.1,41.0,15.0,8.5,6.0,1025.5,1023.5,1021.5,0.0,0.1607425656038259,-0.986996366560232,0.8929789434111371,-0.4500984410374348,-0.6915130557822693,0.7223639620597557,0.9988483864849508,-0.047978128521344,4,2,0,0,0,1,0,119,18,30,-8.476274104683192,88.29545454545453,-1.1254458977407868,46.41379310344828,1.037288573974516,493.7931034482758,1.0076207943920947,1017.5,-0.2913654329548305,0.22085116043963418
2025-05-01,75,59,61.0,12,40,54,48,39,423,12741,3950,82.3,149,5.67,29.52,231,19.5,11.0,27.0,100.0,63.1,30.0,19.0,7.8,0.0,1021.5,1018.3,1015.5,0.0,0.2419218955996677,-0.9702957262759964,0.9883615104677608,-0.1521233861899167,-0.688354575693754,0.7253743710122876,0.9992290362407228,-0.0392598157590685,5,3,0,0,0,0,1,120,18,1,15.619180440771345,89.52272727272728,-0.41854934601664634,46.41379310344828,1.0405935902227865,493.551724137931,1.0079106701762648,1017.6904761904761,0.049589108785682914,0.19113164999555965
2025-05-02,44,63,28.0,14,36,35,22,41,392,7531,3462,82.4,163,0.0,0.0,146,17.9,12.0,24.0,100.0,67.2,38.0,22.0,9.5,0.0,1015.5,1014.4,1013.5,0.0,0.4656145203251114,0.8849876374630419,0.760405965600031,-0.6494480483301835,-0.6819983600624984,0.7313537016191707,0.9995335908367128,-0.0305385132098226,5,4,0,0,1,0,0,121,18,2,0.49493801652892566,86.4090909090909,-3.401307966706303,46.37931034482759,0.9694573708743334,495.5862068965517,1.003507637404409,1017.9285714285713,0.1442757704841816,0.18764540965150373
2025-05-03,82,59,64.0,13,37,56,89,33,448,11128,4192,82.4,142,0.0,74.13,267,12.7,9.0,17.0,82.0,65.7,42.0,28.0,14.9,4.0,1015.5,1012.6,1010.5,0.0,0.1736481776669302,-0.984807753012208,0.9743700647852352,-0.2249510543438648,-0.6755902076156605,0.7372773368101239,0.9997620270799092,-0.0218148850345612,5,5,1,0,0,0,0,122,18,3,13.350998622589534,81.97727272727272,-8.987514863258026,46.44827586206897,0.9587290040807223,497.3103448275862,0.9987161959050607,1018.0714285714286,0.10154477941506534,0.170865150274161
2025-05-04,46,62,22.0,15,34,84,28,47,448,3926,2753,82.5,131,0.0,0.0,29,10.1,6.0,13.0,87.0,67.1,51.0,28.0,19.3,9.0,1016.5,1014.9,1013.5,0.0,0.4617486132350339,0.8870108331782217,0.5519369853120583,-0.8338858220671681,-0.6723668074346678,0.7402181274868324,0.999914327574007,-0.0130895955713444,5,6,1,0,0,0,0,123,18,4,-37.315668044077135,79.38636363636364,5.305588585017838,46.55172413793103,1.0123846378389594,501.1034482758621,0.9985479836404859,1018.3571428571429,0.17362795944150805,0.1734753479379508
2025-05-05,86,58,84.0,13,35,69,105,48,606,23412,3611,82.5,165,8.02,0.0,110,9.5,4.0,15.0,93.0,63.6,38.0,31.0,16.6,0.0,1022.5,1018.9,1016.5,0.0,0.152123386189917,-0.9883615104677608,0.6052939880428945,-0.7960020025346219,-0.6658816660008344,0.7460573750616993,0.9999904807207344,-0.0043633092847464,5,0,0,1,0,0,0,124,18,5,-10.440668044077137,80.18181818181819,-0.6771700356718189,46.48275862068965,1.0566348572832578,502.41379310344826,0.9990514405722909,1018.547619047619,-0.0025022900274048934,0.13991942640930297
2025-05-06,82,58,49.0,13,34,57,113,61,508,9466,3366,82.6,133,0.0,14.63,94,9.5,4.0,13.0,87.0,72.2,58.0,22.0,14.5,6.0,1023.5,1022.7,1022.5,0.0,-0.1132032137679066,-0.9935718556765876,0.7040147244559682,-0.7101853756232854,-0.6593458151000687,0.7518398074789775,0.9999904807207344,0.0043633092847468,5,1,0,0,0,0,0,125,18,6,0.7866046831955924,83.1590909090909,4.874554102259215,46.06896551724138,1.0332611830705334,500.0,0.9981524433623733,1018.5,-0.04155752588281939,0.1306468839133433
2025-05-07,89,56,67.0,13,34,81,115,42,488,19131,4076,82.1,174,9.03,20.27,241,11.1,7.0,16.0,87.0,69.3,52.0,24.0,15.5,7.0,1023.5,1021.8,1020.5,0.0,0.0174524064372834,-0.9998476951563912,0.8410390129643925,-0.5409744713679938,-0.6560590289905074,0.7547095802227719,0.9999619230641712,0.0087265354983738,5,2,0,0,0,0,0,126,19,7,20.176756198347114,83.9090909090909,-4.297859690844234,,0.8831595686015823,,0.9966915744611843,1018.3095238095239,0.06506058237022701,0.13985617671904715
2025-05-08,75,60,50.0,13,33,61,50,34,407,13169,3931,82.4,157,6.58,30.75,254,13.1,8.0,19.0,93.0,63.7,34.0,22.0,13.3,9.0,1020.5,1019.3,1018.5,0.0,-0.0915016186634023,-0.9958049275746618,0.9469301294951056,-0.3214394653031616,-0.6494480483301842,0.7604059656000305,0.9998476951563912,0.0174524064372833,5,3,0,0,0,0,0,127,19,8,-28.118698347107436,84.81818181818181,-10.171422909235039,,0.8909007451728055,,0.996653998940814,1018.0238095238094,0.00020756941659898567,0.18039612781702274
2025-05-09,72,62,42.0,14,34,37,78,46,420,7296,2618,82.1,119,0.0,0.0,2,14.3,8.0,19.0,81.0,53.5,37.0,24.0,15.8,7.0,1022.5,1021.3,1020.5,0.0,-0.0741084901953993,-0.9972501850994856,0.8808907382053855,-0.4733196671848433,-0.6427876096865396,0.7660444431189778,0.9996573249755571,0.0261769483078731,5,4,0,0,1,0,0,128,19,9,-6.44824380165289,83.63636363636364,4.449266745937377,,1.0592834685755885,,0.9971081521807107,1017.6904761904761,-0.07456943807047306,0.2062226941803674
2025-05-10,87,59,60.0,13,34,111,90,41,474,6898,2681,81.8,116,0.0,0.0,0,15.8,8.0,21.0,81.0,53.2,35.0,26.0,15.2,6.0,1022.5,1020.3,1017.5,0.0,-0.0523359562429435,-0.9986295347545738,0.816641555161679,-0.5771451900372335,-0.6394390019805852,0.7688418320734591,0.9993908270190958,0.034899496702501,5,5,1,0,0,0,0,129,19,10,0.6509986225895295,,-4.4472849782005515,,0.9825047715893321,,0.9955780034578081,1017.3571428571428,-0.0757630397151211,0.19578285911702314
2025-05-11,75,58,48.0,13,37,64,63,38,443,7742,2387,81.8,101,0.0,0.0,0,18.2,11.0,24.0,76.0,48.7,25.0,28.0,16.6,6.0,1017.5,1014.4,1011.5,0.0,-0.0566927875633769,-0.9983916705573488,0.8681988144891423,-0.4962165036752082,-0.6327053285625163,0.7743926440821854,0.9992290362407228,0.0392598157590686,5,6,1,0,0,0,0,130,19,11,-44.39900137741047,,-2.0909631391200967,,0.9480788268676197,,0.9919049736124542,,-0.06668440429872537,0.20863972905418093
2025-05-12,81,60,44.0,13,35,86,76,39,447,8979,2698,81.9,116,0.0,0.0,0,19.0,13.0,24.0,67.0,46.9,31.0,24.0,18.4,11.0,1015.5,1013.4,1012.5,0.0,-0.1736481776669304,-0.984807753012208,0.8457278217039732,-0.5336145159156115,-0.6259234721840596,0.7798844830928813,0.9988483864849508,0.0479781285213439,5,0,0,1,0,0,0,131,19,12,-19.944455922865014,,2.4090368608799033,,0.9482507891482926,,0.991681056976126,,-0.06894424484673495,0.18221669678718821
2025-05-13,72,61,37.0,13,34,77,44,36,394,4365,2707,81.9,145,0.0,0.0,33,17.3,12.0,22.0,67.0,45.5,31.0,28.0,19.9,15.0,1019.5,1018.3,1016.5,0.0,0.5555702330196022,0.8314696123025452,0.7372773368101241,-0.6755902076156602,-0.6225146366376197,0.7826081568524138,0.9983916705573488,0.0566927875633775,5,1,0,0,0,0,0,132,19,13,12.032816804407714,,3.2452437574316293,,1.0070335757850197,,0.9954401242851957,,0.2521381885203896,0.18678830004262717
2025-05-14,70,58,54.0,14,33,73,31,47,477,2629,2622,81.9,120,0.0,0.0,2,13.8,10.0,19.0,82.0,69.0,45.0,28.0,17.4,7.0,1020.5,1020.0,1019.5,0.0,0.4305110968082951,0.9025852843498606,0.5112930860770525,-0.8594064115014525,-0.6156614753256588,0.7880107536067215,0.9981347984218668,0.0610485395348569,5,2,0,0,0,0,0,133,20,14,3.9237258953168075,,-9.090963139120095,,0.8343516868827174,,0.9934342789354966,,-0.16505758263754425,
2025-05-15,79,58,62.0,13,33,68,48,51,475,2447,2589,81.9,120,0.0,0.0,10,12.6,7.0,18.0,93.0,66.4,37.0,31.0,22.2,13.0,1024.5,1021.2,1019.5,0.0,0.7688418320734596,0.6394390019805847,0.1607425656038259,-0.986996366560232,-0.6122172800344494,0.7906895737438433,0.9975640502598242,0.0697564737441254,5,3,0,0,0,0,0,134,20,15,-16.426274104683195,,11.676278240190248,,1.2649308180617977,,0.9953864393081214,,-0.2913654329548305,
2025-05-16,90,55,65.0,13,34,92,123,44,574,7981,2586,82.0,109,0.0,0.0,0,10.6,6.0,14.0,100.0,80.0,63.0,26.0,15.8,6.0,1024.5,1022.5,1020.5,0.0,0.6293203910498374,0.7771459614569709,-0.0523359562429435,-0.9986295347545738,-0.6052939880428949,0.7960020025346217,0.9972501850994856,0.0741084901953991,5,4,0,0,1,0,0,135,20,16,47.22827134986226,,4.236623067776459,,1.094559850896259,,1.000650943909437,,0.049589108785682914,
2025-05-17,88,55,56.0,13,34,92,123,56,536,9005,2966,82.0,145,0.0,0.0,51,12.7,9.0,17.0,100.0,77.9,55.0,26.0,16.1,6.0,1020.5,1019.0,1018.5,0.0,0.3090169943749474,0.9510565162951536,0.4186597375374279,-0.9081431738250814,-0.6018150231520483,0.7986355100472928,0.9965655024977614,0.0828082075122045,5,5,1,0,0,0,0,136,20,17,29.137362258953164,,-1.7202734839476819,,0.9738535361317616,,1.0044992811061686,,0.1442757704841816,
2025-05-18,87,55,55.0,13,34,71,97,41,468,6733,2649,82.0,116,0.0,0.0,0,13.9,11.0,18.0,88.0,72.9,55.0,26.0,15.6,9.0,1019.5,1017.9,1017.5,0.0,0.3665012267242972,0.9304175679820246,0.6626200482157374,-0.7489557207890022,-0.594822786751341,0.8038568606172175,0.9961946980917455,0.0871557427476581,5,6,1,0,0,0,0,137,20,18,29.428271349862257,,-4.358204518430441,,0.8636678301994514,,1.0087806166268203,,0.10154477941506534,
2025-05-19,89,52,69.0,12,36,71,141,44,519,13199,3040,81.7,151,8.5,0.0,112,15.1,8.0,20.0,100.0,66.4,40.0,24.0,13.1,4.0,1021.5,1020.2,1019.5,0.0,0.0654031292301431,-0.9978589232386036,0.7906895737438435,-0.6122172800344491,-0.5913096483635824,0.8064446042674825,0.9953961983671789,0.095845752520224,5,0,0,1,0,0,0,138,20,19,-26.017183195592285,,3.383174791914389,,0.9817691339969025,,1.009850388701201,,0.17362795944150805,
2025-05-20,94,53,70.0,12,38,84,132,40,542,9078,3209,81.4,131,0.0,14.81,89,14.9,9.0,20.0,94.0,66.9,35.0,26.0,14.1,6.0,1020.5,1019.1,1018.5,0.0,0.2206974350215011,-0.9753423205085128,0.8290375725550417,-0.5591929034707467,-0.5842496656374341,0.8115739819650125,0.9949685182509116,0.1001880616120765,5,1,0,0,0,0,0,139,20,20,24.296453168044078,,-0.6340665873959559,,0.9807333798091988,,1.008833002045483,,-0.0025022900274048934,
